id,degree_id,name,surname,date_of_birth,fiscal_code,enrolment_date,registration_number,email
1,61,Antonio,D'angelo,1972-08-31,QPXVYW51Z02T871B,2019-02-21,620033,lbellini@sorrentino.it
2,44,Nico,Bianco,1983-12-15,QJGUPY60I48P579X,2018-11-15,620034,mercedes.conte@yahoo.com
3,67,Rocco,Serra,1973-04-09,XBDISV06Y00G224B,2020-05-28,620035,mfarina@libero.it
4,55,Alan,Bianchi,1991-02-09,PPTBJS10M72R784W,2018-11-28,620036,nbianchi@grasso.org
6,70,Patrizio,Greco,1992-11-15,RHYNRD88R06H626Y,2018-12-05,620038,donati.evangelista@yahoo.com
8,44,Rudy,Vitali,1991-02-17,VYYHLN80U40E018F,2020-09-17,620040,zconte@marino.it
9,55,Eriberto,Silvestri,1992-12-13,LNBEVJ09S67R509E,2021-06-07,620041,maika.piras@gmail.com
10,43,Lidia,Palumbo,1973-08-17,QALBXJ79U03H174T,2019-11-05,620042,jmazza@martini.it
11,26,Marina,Fabbri,1978-05-15,EYITRZ20B15I067V,2020-12-29,620043,demi00@testa.org
12,58,Gabriele,Vitale,1973-01-22,OWOIMP20H19Y297D,2020-12-30,620044,irene.giordano@libero.it
13,39,Marzio,Gentile,1988-05-12,RKMXWO29G90P090E,2020-08-18,620045,lisa.bellini@email.it
14,40,Marieva,Pellegrino,1992-03-16,KZXTXV35S98R279X,2019-12-27,620046,primo.marchetti@gmail.com
15,43,Marina,Neri,1987-01-26,ZWAXGM23V30S132L,2018-11-05,620047,riva.deborah@gmail.com
16,48,Vania,Rossi,1980-05-21,KRBSCR40Z05W017Q,2020-05-26,620048,albino14@yahoo.it
17,54,Tazio,Costa,1979-08-03,CHIEQI28N20T690M,2021-01-30,620049,cnegri@libero.it
18,5,Rocco,Piras,1979-12-07,SVZYRC64W40F702U,2019-03-14,620050,joseph.rizzo@fiore.com
20,53,Joshua,Vitale,1980-08-31,GRFBKR76L42T308O,2021-03-27,620052,hlongo@benedetti.com
21,75,Gastone,Rizzi,1984-12-25,RVYIGI43K10K479Q,2019-07-01,620053,elda21@pellegrino.it
22,46,Ian,Farina,1992-07-15,XWHJYE72N37M133A,2021-03-02,620054,valentini.vera@libero.it
23,32,Cira,Palumbo,1982-06-12,EFGHKM16G04Q539L,2020-06-05,620055,mauro22@hotmail.com
25,56,Patrizio,D'angelo,1978-08-07,YGDKUH71V87C619T,2019-01-19,620057,eserra@email.it
27,64,Elsa,Lombardi,1977-01-06,MJFNBZ77H37E458Q,2020-11-23,620059,gioacchino89@romano.it
28,64,Sabino,Carbone,1972-05-14,HKXWKE48Z83Q321W,2019-10-30,620060,fferraro@martinelli.it
29,25,Michael,"De luca",1972-02-29,YXHLGP94B31W927S,2018-06-24,620061,elga90@fontana.com
31,9,Max,Martino,1976-05-09,NSFMTE35P02T442M,2020-02-05,620063,kai.gallo@email.it
32,5,Renato,Martino,1985-07-22,LSHTIW44I59V568W,2021-01-25,620064,joshua80@gentile.com
34,47,Felicia,Gallo,1980-02-08,KVSPYO94D23B656Q,2021-02-09,620066,pagano.filomena@basile.it
35,57,Joannes,Caputo,1987-11-20,NKOSSQ68E26X321M,2018-10-27,620067,ruggiero.piererminio@gmail.com
37,24,Diana,Montanari,1980-12-21,TKBKOG76I46G319F,2019-04-24,620069,lucrezia92@hotmail.com
38,28,Danny,Moretti,1980-05-29,EOEOGJ02B98X364U,2021-06-05,620070,galli.tosca@libero.it
40,6,Assia,Palumbo,1979-01-15,PSIAEI54F91X128K,2020-08-17,620072,ricci.fabiano@libero.it
41,18,Furio,Bianchi,1973-07-24,COPXDI63X02H348G,2020-07-17,620073,ferri.pacifico@ricci.it
42,46,Genziana,Parisi,1974-11-13,UJDMZZ61L98K810W,2019-11-24,620074,dimitri15@hotmail.com
43,71,Patrizio,Negri,1986-12-05,CXGHWP45Y38B944T,2018-07-30,620075,marianita25@ruggiero.net
44,52,Ivonne,Damico,1984-04-05,PJENVQ77I18P977H,2019-01-10,620076,artes54@amato.com
46,64,Bibiana,"De luca",1978-12-20,FHGYFK08F70Z360M,2020-11-17,620078,vania40@mariani.net
47,57,Claudia,Carbone,1986-08-18,EHDPWC79I51T535Q,2019-04-18,620079,apalumbo@email.it
49,36,Laura,Farina,1972-09-08,IQYIIJ04N80W772J,2021-05-10,620081,rizzo.lauro@hotmail.com
52,38,Rosita,Pellegrino,1994-12-20,TGDGNX56A45B073T,2021-04-05,620084,fontana.patrizio@email.it
55,4,Lauro,Vitale,1990-01-30,BWOQAH56L35A201P,2018-10-22,620087,baldassarre.mancini@dangelo.com
56,10,Radames,Villa,1993-10-01,ZHOAGL29P79F782W,2020-05-17,620088,ineri@ferri.com
57,53,Doriana,Benedetti,1978-03-22,QSFGPL05R66U759U,2019-05-01,620089,ofarina@montanari.it
58,25,Jack,Fiore,1987-03-02,RBRALT05F06E815Z,2018-12-28,620090,ymarchetti@damico.it
59,74,Diamante,Gentile,1974-06-28,VVHIFB18W67S836H,2019-08-22,620091,jarno.costantini@rizzo.net
60,42,Furio,Lombardo,1979-10-19,ZFYESS50Q28L944J,2020-01-08,620092,rudy.benedetti@gmail.com
61,32,Nunzia,Conte,1973-04-02,ENFYCX74A61P552J,2021-06-04,620093,patrizio64@libero.it
62,28,Timoteo,Rizzo,1972-05-05,IFTDJG04H70U262P,2020-01-10,620094,ricci.gerlando@carbone.org
64,46,Trevis,Riva,1994-11-15,NCYXDQ91O77C416E,2019-08-15,620096,sorrentino.alan@longo.com
66,66,Noah,Marini,1985-06-30,HKYPOE81Y94Q502B,2020-07-26,620098,michele.fabbri@hotmail.com
68,40,Diamante,Gallo,1984-10-11,BOOBOT54R83I512Y,2021-04-30,620100,nmariani@email.it
69,12,Augusto,Testa,1985-07-08,ATSROU50R77U065K,2019-12-08,620101,osvaldo76@marchetti.it
72,64,Loretta,Galli,1981-04-25,UKPWLP57W35B572W,2019-09-01,620104,fiore.miriam@gmail.com
73,23,Enzo,Caputo,1978-05-01,QAFZOA55I55O541R,2021-02-03,620105,piras.vania@caruso.it
74,2,Rocco,D'angelo,1982-09-07,XEDGBQ46K56P758D,2021-04-08,620106,rizzo.osea@yahoo.com
75,65,Ciro,Testa,1976-02-09,MAJWKA92E42R296Q,2021-03-28,620107,shaira.rizzi@colombo.net
76,14,Diamante,Basile,1979-02-15,UHIQRL74J62R809M,2019-02-14,620108,bibiana58@libero.it
77,25,Penelope,Serra,1977-05-16,DEEINP68S13K405J,2019-11-05,620109,parisi.gerlando@barbieri.org
80,19,Cassiopea,Valentini,1977-08-03,CVXGDE73G74R265C,2020-09-30,620112,benedetta.cattaneo@gatti.com
81,1,Luce,Pellegrino,1975-02-15,BNBPHF37E89W601I,2019-04-15,620113,kayla37@libero.it
82,29,Giancarlo,D'amico,1987-11-04,OGYVSI12V71Q319M,2019-11-16,620114,ipellegrini@montanari.it
83,4,Mirco,Lombardi,1973-08-28,LFSLRK89O39B500L,2020-09-02,620115,userra@esposito.com
84,27,Benedetta,Lombardo,1975-04-11,ECLTFH17I24S463D,2019-06-08,620116,morgana.silvestri@negri.org
85,6,Oretta,Caputo,1988-07-05,YTNZSZ44X88X834F,2019-09-27,620117,jmarino@yahoo.com
86,12,Matilde,Ruggiero,1990-11-17,UIFHBM73Q42E973M,2021-02-14,620118,mariagiulia18@gmail.com
87,20,Loredana,Lombardi,1984-10-19,UDDXAE43Y84D628O,2021-05-25,620119,cristyn.riva@libero.it
89,68,Battista,Silvestri,1976-06-11,CTEQPF90W49W877O,2021-01-03,620121,guendalina.longo@fontana.net
90,18,Morgana,Gentile,1977-05-28,NCSKNU17K27T831F,2020-04-26,620122,barone.tosca@gentile.com
91,64,Lino,Gentile,1988-04-29,NVZYAQ09V61H421U,2021-05-20,620123,tfabbri@moretti.it
92,16,Giacinto,Amato,1993-04-29,TSFSCQ90F84B365P,2020-10-07,620124,dmazza@riva.it
93,13,Isabel,Gatti,1992-03-23,LEUQNX12I80U916J,2020-05-21,620125,basile.mariapia@yahoo.com
94,12,Jarno,Romano,1975-02-05,HUIZMJ30O35E155G,2021-02-09,620126,loris53@marini.it
98,21,Donatella,Silvestri,1989-04-30,RQTRJC26T18K273H,2020-01-04,620130,bvitali@hotmail.com
99,67,Cosetta,Lombardi,1986-01-15,DCKOAC55H36S724K,2020-09-07,620131,amos55@gmail.com
100,66,Nicoletta,Lombardi,1994-12-20,QRNGIR69Z00N841O,2020-08-20,620132,rpiras@yahoo.com
101,75,Cleopatra,Battaglia,1985-06-15,LTNWLQ50J39E699Y,2019-06-22,620133,nicoletta.messina@barone.it
102,71,Thea,Longo,1976-10-31,ZCPUNB13W04T011E,2020-02-24,620134,nneri@yahoo.it
103,68,Neri,Esposito,1979-11-03,FAPTAK83K62N574X,2019-01-29,620135,sirio28@grasso.com
104,7,Davis,Bruno,1979-08-09,JVAUKP68P95Z524R,2020-07-31,620136,dcattaneo@dangelo.it
105,17,Matilde,Giuliani,1987-10-13,XAUFUD02U76Y481S,2018-06-16,620137,elda78@desantis.net
106,2,Raoul,Caruso,1975-12-16,ECCKTL45D61R422W,2019-04-03,620138,cgatti@carbone.com
107,20,Giancarlo,Martinelli,1985-12-15,QBHSHP50K20E157S,2021-01-25,620139,romolo23@gmail.com
108,66,Lucia,Fabbri,1988-11-08,ETEZHC45F73Y524C,2021-02-18,620140,noah.villa@email.it
109,8,Mauro,Conte,1975-04-17,WZVQNT41K08Z017G,2019-06-07,620141,ldonati@yahoo.it
110,2,Michele,Grassi,1989-06-25,NNMHSP17I40R915R,2021-01-13,620142,marchetti.kayla@benedetti.it
111,62,Maristella,Fiore,1976-08-16,ZARUKQ81O76Y397B,2020-03-18,620143,gilda31@valentini.com
112,31,Ione,Battaglia,1977-05-13,LZUMQF82A79W296M,2020-07-08,620144,carbone.bettino@moretti.it
113,5,Giovanna,Conti,1994-12-01,VTSVMF45I06S872L,2021-03-27,620145,pellegrini.danuta@email.it
114,34,Loretta,Morelli,1987-03-25,EUKQEK56V06A348L,2021-01-13,620146,qmessina@yahoo.it
115,33,Cassiopea,Ferri,1975-01-10,OEFBQN11M07X470D,2018-11-27,620147,elio38@dangelo.com
116,33,Soriana,Basile,1985-05-19,UMNRBK79G29K555O,2019-11-16,620148,pbianco@guerra.com
117,60,Harry,Grassi,1988-12-03,UIAGLJ67Q93D474U,2020-02-05,620149,qtesta@barone.com
119,1,Olimpia,Mazza,1991-08-26,TYFWXQ55W18B565F,2020-01-20,620151,violante54@mancini.org
121,18,Arduino,Fabbri,1971-07-15,ADOLJG91C36Z409L,2019-05-31,620153,raoul30@yahoo.com
123,9,Guendalina,Esposito,1992-04-25,IILUHM21X87A951K,2019-10-05,620155,lucrezia74@yahoo.com
125,17,Cecco,Rizzo,1981-04-27,MOLKUY83N13M221J,2019-01-04,620157,gaetano77@gmail.com
127,17,Sibilla,D'angelo,1976-04-03,OKJWXE05Z39C190H,2018-07-21,620159,emilia.conti@negri.it
130,46,Giorgio,Bruno,1983-10-20,HWEPWV31X73C456P,2019-02-06,620162,selvaggia.conte@greco.com
131,46,Elsa,Barbieri,1976-08-03,KRBKDM32M20F494N,2020-05-13,620163,erminia58@yahoo.com
132,33,Selvaggia,Montanari,1976-10-02,KTEZBT73K44S442R,2019-09-03,620164,martini.neri@libero.it
134,5,Kristel,Vitale,1982-09-22,MNKLSU13J42X383G,2020-08-16,620166,tristano.montanari@monti.com
135,69,Adriano,Longo,1987-07-04,BSLONC08L91L183U,2018-12-26,620167,edeangelis@piras.org
136,45,Radames,Bellini,1981-01-05,PSXEJB10R92Z156G,2019-06-13,620168,fbianco@mancini.it
137,75,Lidia,Villa,1992-07-05,IPMTXW55D78X534X,2020-02-25,620169,kpagano@martino.it
138,22,Demi,Palmieri,1978-05-14,JBOCBZ92O50T042T,2019-01-02,620170,fiorenzo24@yahoo.com
139,31,Carlo,Amato,1976-01-22,MAVYKM31U55A058I,2019-04-19,620171,moreno78@bernardi.com
140,22,Lucia,Valentini,1987-12-27,GPDBVN15M49L174A,2018-11-22,620172,gentile.lidia@desantis.com
143,49,Nico,Battaglia,1994-10-23,AFJUUW11D41P358B,2021-02-09,620175,bnegri@pellegrini.net
145,12,Ermes,Colombo,1991-11-01,ZPQFXH75S91Z947V,2018-06-19,620177,giancarlo.neri@ferrara.com
146,34,Vera,Pellegrini,1978-01-17,CRIXID13P67B011N,2020-05-18,620178,diana.conte@ricci.com
147,61,Lamberto,Rizzo,1987-09-02,YBMGZS66L13V963O,2020-02-26,620179,fbenedetti@santoro.com
148,46,Filomena,Rizzo,1993-01-28,TXTYUU56D96O261C,2019-12-02,620180,tosca12@gmail.com
149,59,Gregorio,Ferri,1993-01-22,HBDHEW26R54D799Y,2019-03-15,620181,ferrari.adriano@ferrari.it
150,5,Mariapia,Martini,1975-06-23,UNAWYV48U77T250M,2021-05-16,620182,davis.valentini@milani.com
151,46,Maria,Vitale,1971-08-11,NTJFNO05Q19J407X,2021-01-31,620183,emarini@yahoo.com
152,37,Maruska,Bernardi,1989-09-17,LQOCCZ68R12K601H,2018-09-21,620184,ferraro.carlo@galli.net
153,54,Jarno,"De luca",1979-09-18,ETVJMJ46N51I222N,2021-04-26,620185,pgrassi@greco.net
154,27,Piccarda,Costantini,1983-08-21,ESJZQW68O77Z607I,2018-07-20,620186,ione.pagano@email.it
155,11,Ruth,Leone,1988-09-27,LWHINH98D33F011G,2020-05-09,620187,matilde45@damico.net
156,37,Neri,Lombardi,1984-08-11,KFJQRV88R24K142X,2019-03-09,620188,quarto.basile@derosa.it
158,23,Tolomeo,Fontana,1976-07-01,NMODKT88S60O916M,2020-10-26,620190,laura82@russo.org
159,4,Amedeo,Esposito,1974-11-25,QWOBRQ33K27U561J,2019-06-21,620191,jgrasso@basile.it
160,36,Rosolino,Giordano,1987-12-08,AYAWOI12P33A205L,2019-12-09,620192,gaetano44@hotmail.com
162,69,Dante,Caputo,1971-09-23,AGZJAY04H36Z143V,2020-05-08,620194,michael.giuliani@neri.org
163,45,Piccarda,Sorrentino,1975-03-08,EPTDXC40D52D572R,2019-10-08,620195,harry.bianchi@email.it
166,71,Clea,Pellegrino,1976-03-24,OQYQNN28E85T690Z,2018-11-13,620198,nestore95@palmieri.net
167,26,Marina,Fabbri,1988-09-06,SKZVHK04C77C714P,2019-07-31,620199,tgiuliani@grassi.it
169,33,Brigitta,Carbone,1994-03-09,MDCAIZ85Y82T491J,2021-03-23,620201,messina.giacinta@gentile.it
170,17,Cassiopea,Milani,1988-11-09,MMISLN61B82X675N,2019-08-16,620202,barone.penelope@orlando.com
171,10,Ferdinando,Ferraro,1981-06-15,PQMMTU39Y95V051F,2020-12-16,620203,assia38@lombardi.it
174,45,Yago,Longo,1975-04-04,DIXHPT51U13F964M,2019-06-22,620206,gaetano.monti@caputo.net
176,63,Marvin,Bianchi,1972-01-13,HFZAMO21L96D435P,2019-06-16,620208,alessio.parisi@hotmail.com
178,28,Ariel,Santoro,1993-07-04,NLVWUX17L18K698V,2020-12-04,620210,deangelis.tosca@ricci.com
180,68,Neri,Longo,1985-05-21,JMJWQC66Y46W131N,2019-04-01,620212,messina.maria@hotmail.com
183,21,Edilio,Grasso,1991-01-17,FKEVFG63Z73I089D,2020-07-20,620215,zpellegrino@martino.it
184,71,Danuta,Donati,1979-08-20,QAFCPA66C61L573Z,2018-09-10,620216,elsa.giuliani@conti.it
185,5,Dante,Leone,1977-09-07,MAJIOL55V89V105X,2021-02-16,620217,sabino.mazza@libero.it
188,25,Dylan,Martino,1978-09-26,MQRFEH68Q53H025L,2020-03-26,620220,joey.benedetti@yahoo.com
189,16,Bibiana,D'angelo,1974-12-03,JGFINY28B56J104R,2019-04-13,620221,krizzi@yahoo.com
190,73,Samira,Caputo,1976-09-25,FCOEHT76A76T528J,2020-08-27,620222,jcaputo@email.it
193,38,Enrica,Fiore,1973-06-10,ROKLUN96N93L017R,2019-04-18,620225,tosca.greco@derosa.org
195,57,Nicoletta,Farina,1993-08-30,DIXXGB62T78S525H,2018-10-28,620227,kayla33@libero.it
196,28,Modesto,Giuliani,1994-04-11,URTZZO19U57B236I,2018-06-10,620228,vitali.irene@hotmail.com
197,1,Bortolo,Rizzi,1972-09-07,EXLKWG94Z74R032H,2019-12-06,620229,shaira60@ruggiero.it
199,34,Antonino,Benedetti,1989-10-19,GCIUGI53Q44B662Y,2018-08-22,620231,fernando42@gmail.com
200,45,Mirko,Monti,1982-11-01,SANTPW35U97P981J,2019-10-11,620232,soriana21@grassi.com
201,35,Monia,Giordano,1975-10-10,BVJCKO08G89K281O,2019-10-15,620233,sueellen.marini@deluca.it
202,7,Oreste,Pellegrino,1973-08-29,HUTYCG96E89C698R,2020-02-15,620234,tsala@morelli.com
203,3,Alberto,"De luca",1976-09-20,EPGBZF21O49Y714A,2018-09-21,620235,marina91@email.it
205,4,Marzio,Fiore,1981-03-04,FSDXGG85Q34D252X,2019-04-25,620237,marini.olimpia@hotmail.com
206,22,Piersilvio,Giuliani,1980-06-19,EVDFZR26G69M500H,2020-09-03,620238,grasso.cirino@libero.it
209,62,Jari,Sorrentino,1992-07-16,AVGWSZ36T79J985P,2018-08-01,620241,furio.conti@caruso.it
210,4,Lauro,Gallo,1980-09-19,AZSSTG71W99R312D,2018-08-28,620242,marchetti.cleopatra@barbieri.it
211,4,Ileana,Pagano,1983-07-13,IRVFYR38T19S645N,2021-02-09,620243,ygreco@mancini.com
213,12,Miriam,Marchetti,1987-10-03,OQNFRP10G17W760M,2020-08-17,620245,nicoletta.bernardi@hotmail.com
214,72,Jole,"De Santis",1977-10-19,ACNMWY01T65C802Z,2019-01-19,620246,maria74@ferraro.it
215,12,Ethan,Ferretti,1980-10-08,LUZYAB82L14C920H,2021-06-04,620247,negri.maggiore@email.it
217,16,Marieva,Mariani,1990-08-30,CRKYAI63Z72H930S,2020-12-13,620249,wgrassi@mariani.net
220,69,Guido,Conti,1976-08-20,IXHPFO17X39Y144M,2021-04-18,620252,cira44@libero.it
221,37,Ubaldo,Mazza,1991-07-05,MEXZBD45A08A796S,2019-03-26,620253,serra.nick@leone.org
223,54,Lia,Bernardi,1974-12-24,YMQVYJ91X56M622A,2018-12-18,620255,carbone.caligola@gmail.com
225,21,Sasha,Santoro,1993-03-22,RSQFQK12R58Y046F,2019-02-05,620257,hpellegrino@hotmail.com
226,41,Demi,D'amico,1986-09-13,VWLDXJ60Y41R739Q,2019-03-29,620258,rizzo.evita@email.it
227,53,Celeste,Bernardi,1987-12-01,AUISJD03C34L671E,2020-04-06,620259,hvalentini@barbieri.it
230,59,Ethan,Bruno,1973-11-26,NOEOSJ57N29T141G,2019-08-07,620262,conte.luna@sorrentino.it
231,58,Ursula,Sala,1977-09-28,ARHQWA82W12N945S,2020-10-03,620263,kgalli@yahoo.it
233,68,Gabriele,Sorrentino,1992-12-04,AUIHBO15O10E398G,2020-07-02,620265,rossetti.ubaldo@hotmail.com
234,70,Vinicio,Messina,1972-12-21,IFFDJR61C01Q167G,2019-05-23,620266,gatti.isabel@ferretti.it
235,1,Nabil,Milani,1987-02-15,JMPICH49I77X219B,2020-05-08,620267,caruso.amerigo@pellegrino.it
238,3,Noemi,Sorrentino,1977-04-07,HODTOU64L72U546O,2021-03-24,620270,ivonne.benedetti@martini.it
239,38,Lorenzo,Russo,1972-09-30,UGAQYV52Q20R102R,2019-07-17,620271,ingrid.messina@hotmail.com
240,63,Ninfa,Villa,1978-10-22,QTENHS18D44A797L,2019-05-31,620272,messina.odone@martinelli.com
241,50,Tosca,Romano,1992-09-14,BTMGMO33I90G446O,2018-06-12,620273,gderosa@libero.it
242,47,Lia,Negri,1984-10-06,WHGNGZ40W00V063G,2020-06-28,620274,damico.giuliano@fontana.it
244,35,Radio,Rinaldi,1977-01-30,XPPAVO29U85T557S,2019-08-06,620276,matilde85@sala.it
245,70,Emilia,Palmieri,1980-08-20,SHRIOO23U23Y787Z,2018-09-27,620277,artes22@hotmail.com
247,14,Marco,Bruno,1990-08-12,EPSWUQ63H25I670E,2020-06-08,620279,ubaldo70@damico.it
248,63,Enzo,Benedetti,1983-10-14,ZLJCMO41B26Z183H,2020-09-19,620280,loris02@palumbo.it
249,39,Cristyn,Rossetti,1978-09-21,MFNVNZ84U40V913B,2020-07-29,620281,riva.aaron@vitale.org
251,5,Quarto,"De rosa",1994-04-01,VGPARW03X37I164A,2021-03-01,620283,selvaggia03@derosa.it
252,12,Osea,Conti,1986-05-22,VOXBUH99K35U268A,2018-12-11,620284,qpalmieri@email.it
254,63,Genziana,Palumbo,1992-05-23,GGMOOF35U33L424L,2020-09-28,620286,blongo@galli.com
255,41,Elio,Barone,1981-03-18,QNFSSE05O84V545K,2018-11-03,620287,cosetta08@gmail.com
257,41,Mariagiulia,Moretti,1989-03-30,KTLMSU95V71K463Q,2021-04-30,620289,pablo.riva@barbieri.com
258,65,Elga,Pagano,1984-11-26,PAEDDT85B06P317E,2019-11-18,620290,srossi@dangelo.com
259,15,Hector,Ricci,1974-04-02,RCQCNA79Y68E529J,2020-11-07,620291,rocco46@conti.org
260,45,Maika,Morelli,1984-06-30,DCHZQP09F36N615I,2019-08-15,620292,emilia41@yahoo.com
261,9,Edilio,Martinelli,1980-09-02,TFKKGL56D02P754E,2018-11-28,620293,qbruno@email.it
262,34,Rosaria,Greco,1984-12-05,CGYOXO78Q57T634U,2019-07-03,620294,maggiore.moretti@yahoo.it
263,16,Demian,Sorrentino,1988-03-21,ACTFTH21X50R032P,2019-12-14,620295,sorrentino.tancredi@riva.it
264,23,Pericle,Sorrentino,1984-11-12,SASFQL59L53R912I,2019-10-16,620296,giordano.assia@donati.com
266,66,Demi,Mariani,1985-08-03,YDLPUA02Z93P332L,2020-08-06,620298,rinaldi.cosetta@greco.it
267,2,Sirio,Sartori,1980-01-17,VFYTDR48V17D630J,2021-02-01,620299,morgana00@gmail.com
270,49,Violante,Conte,1975-12-01,OBRIMU02U30Z396I,2020-07-11,620302,zpiras@amato.com
271,4,Antonino,Caruso,1976-11-17,VKJWIT58P79A867L,2021-04-03,620303,santo65@gmail.com
273,56,Diamante,Rossi,1975-11-29,MIZUPE33E38U091K,2020-12-12,620305,rodolfo93@yahoo.it
274,29,Luce,Pellegrino,1986-03-08,FABTJT07Z39K817O,2019-07-03,620306,vrizzi@yahoo.com
275,43,Kristel,Giuliani,1981-01-16,DGRYNQ80F26V689T,2020-12-22,620307,rmessina@montanari.com
276,22,Loretta,Milani,1992-08-17,XUCYDD57A33O659P,2018-09-01,620308,rvalentini@giordano.com
277,16,Loretta,Pellegrini,1980-06-14,DFKHEF73H31K359N,2019-04-23,620309,egisto98@libero.it
279,16,Manuele,Serra,1987-04-04,TTDTID03D97P517X,2019-03-28,620311,zelida50@hotmail.com
280,65,Loris,Ferretti,1978-11-12,VNUJVL36Y56L031N,2019-01-25,620312,leone.morelli@gmail.com
281,72,Siro,Conti,1977-06-11,IQFLPV29X37Q777N,2019-10-09,620313,bpellegrini@sartori.com
282,33,Akira,Silvestri,1986-03-20,ICJFEU84E67P374L,2021-01-26,620314,jpalumbo@libero.it
284,51,Loredana,Gatti,1978-10-08,BMMQQG55X55S281K,2019-10-14,620316,deangelis.romolo@ferretti.it
286,66,Boris,Leone,1984-06-20,CCZBVH10Q87M578S,2018-10-01,620318,gmartini@hotmail.com
287,53,Donatella,Gatti,1989-03-09,LUXDAL85B00X852V,2019-01-10,620319,bellini.vera@hotmail.com
288,41,Mirco,Messina,1977-04-27,GHVUTO32O66A380B,2019-03-28,620320,pagano.donatella@serra.it
289,23,Demi,Moretti,1994-06-19,PVHPWL83K16H561Y,2019-09-12,620321,rosaria22@yahoo.it
291,4,Fernando,Bruno,1984-09-26,QOALKL48B81K118X,2019-11-05,620323,gregorio17@email.it
292,71,Dindo,Fiore,1981-01-25,LOTGRP51N80H451F,2018-07-03,620324,guerra.felicia@vitale.it
293,2,Boris,Russo,1987-01-02,OYNNZI99Q28G293N,2021-01-04,620325,maristella.giordano@battaglia.it
294,19,Cira,Mancini,1974-01-06,ECTXOQ90F55Y407T,2020-03-23,620326,celeste.ferrari@libero.it
295,28,Donatella,Caruso,1978-11-21,UUOXIS69C41H587P,2019-09-09,620327,manuele88@lombardo.it
296,38,Rosalba,Farina,1992-02-01,DZQIKM26F39U036L,2019-06-11,620328,costantini.joshua@libero.it
298,37,Isira,Milani,1994-02-05,OAYMQN71O27D039U,2019-07-15,620330,felicia65@yahoo.it
299,56,Raniero,Parisi,1994-07-27,KQCIBN52Z17M027E,2021-04-20,620331,moreno.benedetti@desantis.it
300,7,Modesto,Farina,1984-08-31,MLVFKF72I61E665A,2019-12-24,620332,bellini.kai@email.it
302,61,Tristano,Pellegrino,1972-10-06,SCQDGU46O19J861M,2018-09-29,620334,donati.rebecca@galli.com
303,53,Cosetta,Sala,1994-08-03,EGWRTV09F49G530P,2019-10-05,620335,kbianco@ferraro.net
304,2,Dante,Fiore,1981-02-10,THHKKO27H33P541J,2018-06-30,620336,eriberto.neri@messina.it
305,30,Cleopatra,Basile,1993-10-18,RVNZUN87D18V472B,2020-06-12,620337,maika.mariani@yahoo.it
306,3,Maika,Bianco,1990-01-04,GVOZOR19K65V944K,2019-11-21,620338,nmancini@yahoo.com
308,56,Fiorentino,Ferrari,1987-04-15,CKYBDM06Z48I201X,2019-11-23,620340,ciro.dangelo@yahoo.it
309,20,Maggiore,D'amico,1978-11-04,ZWXXOG27Z71X839A,2020-01-28,620341,fferretti@dangelo.it
310,40,Guendalina,Gallo,1984-07-21,UDBYUQ89L15B544E,2021-02-22,620342,alberto28@barbieri.com
311,37,Sabatino,Bianco,1986-12-22,UKAVYV64E59O555F,2019-08-08,620343,aroldo.donati@hotmail.com
312,49,Rita,Rizzo,1979-06-25,QFKSHT66T26H000S,2020-12-31,620344,jrossi@email.it
313,20,Ursula,Conti,1992-05-15,VAAJHI49N00T181L,2018-10-21,620345,cassiopea32@barbieri.com
315,11,Ausonio,Bianco,1992-03-02,DPUGFB45A04T773O,2021-06-03,620347,giancarlo20@riva.com
317,35,Cira,Mancini,1984-11-14,PXNAGH80B87S175A,2019-07-24,620349,sibilla.rossetti@libero.it
318,44,Diamante,Pellegrino,1987-10-07,UDVMRF22U07W022U,2019-06-23,620350,coppola.timoteo@yahoo.it
319,71,Monia,Leone,1985-06-29,KKYMKW79Y29V808B,2019-08-27,620351,acarbone@hotmail.com
320,72,Fabiano,Riva,1990-08-11,UYVLCP51Y15P902L,2019-10-10,620352,miriam.lombardi@benedetti.org
321,44,Amedeo,Valentini,1990-04-20,RLYGWZ26T24Y855N,2020-04-18,620353,dimitri.mariani@neri.com
322,34,Egisto,Ferrari,1975-12-22,KHRGST49Q53D088S,2020-07-02,620354,uconti@guerra.it
323,7,Neri,Costantini,1972-11-29,XJQIPS73M07P995H,2020-02-21,620355,silvestri.albino@barbieri.it
324,18,Alessio,Gallo,1972-04-19,HTENDX10U42A902L,2019-05-04,620356,augusto39@yahoo.com
325,71,Fernando,Coppola,1982-06-17,PGSGQU25B56K823C,2018-07-17,620357,kbarone@yahoo.com
328,72,Romolo,Martini,1992-02-16,MNRRYP86E71L529Z,2019-11-23,620360,tosca34@libero.it
329,66,Mariagiulia,Martinelli,1972-09-02,ZGLOWV45J02K134O,2021-04-11,620361,fiore.maristella@leone.it
330,61,Nunzia,Mazza,1977-01-15,CMPPQZ48T44U733V,2019-03-01,620362,alighiero.greco@yahoo.com
331,28,Rudy,Greco,1975-02-06,TBJFZU45E30Y663L,2018-08-05,620363,moretti.samira@hotmail.com
333,49,Assia,Fiore,1982-06-05,VLMGNR33E79F539Y,2019-10-09,620365,piersilvio.romano@gmail.com
334,59,Tolomeo,Morelli,1990-03-30,WCLRKV39N67J467D,2019-12-24,620366,amedeo15@bruno.it
336,38,Noel,Valentini,1986-12-24,KHCLJT12M98V755H,2020-09-24,620368,claudia.pellegrino@benedetti.com
338,59,Helga,Sanna,1976-05-09,KGYEYQ16V98S417N,2020-05-17,620370,ucolombo@cattaneo.com
339,48,Eriberto,Ferrara,1971-09-04,QVLVPY20L55B596B,2021-04-27,620371,gioacchino17@sanna.it
340,59,Ludovico,Martino,1981-11-22,VCJWIJ47B74A640O,2020-04-26,620372,matilde.neri@ferretti.net
341,41,Mariagiulia,Ricci,1989-03-11,RZGPGE55Z19F808O,2018-06-29,620373,gmartini@gmail.com
342,1,Gastone,Battaglia,1986-12-02,CLOHTH84V35K013Z,2021-05-10,620374,galli.cecco@yahoo.it
344,42,Lucrezia,Damico,1979-06-30,WUDDHB51Z57P258I,2020-12-26,620376,parisi.jarno@romano.net
345,17,Odino,Guerra,1981-04-16,YTUVAO17P07I985Z,2019-04-29,620377,sconti@yahoo.it
348,21,Ortensia,Orlando,1993-12-03,TXJSDS87G65P753P,2021-04-18,620380,ninfa.galli@longo.com
349,72,Demian,Monti,1975-03-11,ZAJDDZ31I43M835B,2019-09-11,620381,loretta75@bianco.net
351,37,Ermes,Lombardo,1972-12-25,EBSCZF10V16J562U,2018-11-29,620383,gastone.dangelo@gmail.com
352,45,Eriberto,Sartori,1990-10-14,MVUSNM49E07E792U,2018-07-16,620384,serse67@messina.com
353,61,Dylan,Ricci,1979-10-21,JIWHWJ71A53M692L,2020-01-11,620385,marino.tolomeo@hotmail.com
356,65,Loredana,Monti,1976-01-08,FILFSS46N83T244H,2019-09-22,620388,gatti.italo@yahoo.it
357,1,Maruska,Orlando,1980-03-16,EAKDGF94C67U491X,2019-03-29,620389,rocco.piras@ferrari.it
358,1,Mariagiulia,Carbone,1972-10-21,KOERWE19P51M113Y,2018-11-29,620390,rosaria.ferri@ricci.it
359,2,Harry,Riva,1990-09-03,FLFQUM03P76T235N,2018-06-12,620391,hcaputo@ferraro.com
360,20,Jack,Marino,1984-01-18,DFNBCB63A71V076W,2020-02-13,620392,enzo.ferretti@carbone.it
361,71,Kristel,Pagano,1977-10-25,WYGANV22Q76Z709Z,2019-01-13,620393,valentini.tazio@giuliani.it
364,59,Sebastian,Ferrara,1983-05-29,UYCZFD93B01L752N,2019-05-04,620396,fernando06@libero.it
365,67,Ursula,Sanna,1990-09-02,UWSWJL98Y56C153N,2018-11-20,620397,vgreco@mancini.com
367,59,Bortolo,Leone,1982-12-25,SNKQLN09W94I336Y,2021-05-22,620399,bellini.fabio@yahoo.com
369,64,Guendalina,Bianco,1992-11-05,CKTBDE80S99Y057D,2019-06-04,620401,silverio.vitali@hotmail.com
372,44,Damiana,Marini,1977-04-28,ILITAT53Z48J288B,2020-01-21,620404,shaira96@gentile.com
373,34,Kayla,Piras,1991-07-12,HOFOTD60T22T814O,2019-09-05,620405,eufemia52@esposito.com
374,70,Alessio,Lombardo,1971-08-05,CNQJQL10B59V409R,2020-06-18,620406,costa.vinicio@gmail.com
379,5,Quirino,"De Santis",1986-09-19,YCYOPK13V10Z895N,2018-06-23,620411,noel.amato@hotmail.com
380,25,Mietta,D'amico,1986-10-07,ESDMZY94P54A302Q,2019-07-19,620412,piras.gioacchino@vitali.com
382,8,Edipo,Leone,1980-01-06,KBPUBJ07K93K267B,2021-05-11,620414,giordano02@russo.com
384,72,Sibilla,Greco,1973-12-08,WABSWL72C04D656K,2020-03-21,620416,gelsomina.deangelis@yahoo.com
385,71,Radames,"De Santis",1982-05-06,VXDWRF07N36J513Q,2018-11-05,620417,olombardo@neri.net
387,23,Laerte,Martini,1984-01-17,AAXYVO51R61Y375F,2019-04-27,620419,flavio08@libero.it
388,36,Ilario,Testa,1975-03-06,PORXZG66C01H650Z,2019-11-21,620420,giovanna92@yahoo.it
389,22,Nick,Sartori,1976-04-26,WIRWGC93K00K975W,2019-06-06,620421,jbarone@sala.com
390,33,Alighiero,Damico,1994-04-25,MYCRQC12P36E826T,2019-10-05,620422,donatella23@damico.org
392,43,Siro,Gentile,1988-10-20,QIWXRV81R67N325D,2019-08-03,620424,pellegrino.diana@marini.net
395,40,Dylan,Grassi,1988-08-22,LGVVEY39F59X401R,2020-03-10,620427,ethan.ferretti@yahoo.com
396,41,Kristel,Greco,1986-02-14,GGVEEW40M12K883T,2020-07-19,620428,ferrara.claudia@caruso.org
397,11,Albino,Morelli,1992-09-08,SXGYAU28H86R958J,2020-05-07,620429,fulvio.ferri@yahoo.it
398,56,Amerigo,Sartori,1994-08-06,YUPUQX26R33G530L,2019-03-31,620430,caio62@libero.it
399,12,Loretta,Carbone,1987-05-23,KTZDBV45W83Q231T,2020-11-01,620431,deborah95@yahoo.it
400,50,Anastasio,Giordano,1984-08-15,VACXMR96A24X848P,2019-07-30,620432,mancini.odone@giordano.it
401,49,Ione,Martino,1986-06-11,ZONQTX51L72K582F,2021-04-26,620433,deborah.bernardi@monti.com
402,35,Thea,Grassi,1984-12-28,CJVVPQ96W18A407M,2018-11-18,620434,mazza.nadir@yahoo.it
403,65,Omar,Moretti,1978-11-14,XXOFSM35K54R854I,2020-07-30,620435,lisa14@libero.it
404,17,Ian,Marini,1977-09-25,XOUUHA85K15A238F,2018-08-10,620436,demi.costantini@ricci.it
405,66,Elda,Giuliani,1991-08-04,BOCNSV98Q32B605Q,2020-02-12,620437,prisca.ferraro@riva.it
406,62,Morgana,Serra,1977-09-29,SWNZEA33Z33R992G,2021-06-08,620438,nunzia.bianchi@negri.it
407,14,Anselmo,Pellegrini,1975-05-01,AMCWAV54L79E596Q,2021-01-20,620439,flombardo@yahoo.com
408,20,Fatima,Barone,1973-10-17,WZMKVB01D26B843R,2019-03-19,620440,pagano.cleros@giuliani.com
409,10,Michele,Grassi,1979-08-05,XZQUKD72A48I121B,2021-06-05,620441,celeste.testa@montanari.it
410,32,Pietro,Ruggiero,1990-05-11,IIXLFZ21V02C420U,2020-04-08,620442,gerlando21@libero.it
411,50,Maruska,Riva,1989-01-30,OEJKQE79B39Z589J,2021-03-03,620443,renzo.russo@giuliani.com
412,61,Nico,Palumbo,1992-05-25,HRGIIA26D80H188P,2019-07-20,620444,usartori@hotmail.com
413,70,Lia,Orlando,1988-12-30,DUIBXS19I19H315J,2020-08-30,620445,alessandro95@barone.com
414,68,Cleopatra,Barbieri,1986-04-29,UNGLCC74Q04R657N,2018-06-13,620446,martino.naomi@email.it
417,48,Priamo,Palumbo,1982-06-19,UNZXAC93R50W596W,2020-06-23,620449,danthon.ferri@libero.it
418,4,Ninfa,Russo,1982-11-13,DHNYWN16V66V765L,2018-09-24,620450,helga09@neri.net
421,20,Zelida,Mariani,1976-04-18,IMXCOD33Y28N201G,2020-08-29,620453,parisi.furio@testa.com
422,72,Gelsomina,Fiore,1981-09-07,EDEOHN15V71N532Y,2018-08-17,620454,qpagano@messina.com
424,50,Clodovea,Mancini,1979-02-21,SSDQJG66B87D648R,2021-03-03,620456,jsartori@damico.org
425,27,Luce,"De rosa",1989-05-08,KWWZFM87Q41L465M,2018-08-20,620457,quasimodo69@yahoo.it
427,28,Clodovea,Vitali,1972-06-24,WXJWWF17C21L054X,2019-04-19,620459,galli.ariel@moretti.net
428,73,Edvige,Marino,1983-10-01,LHNNBG26I80N623V,2018-12-02,620460,opiras@yahoo.it
429,36,Omar,Longo,1987-05-11,POMXPX40O45L233F,2021-04-03,620461,kociss.farina@gmail.com
430,4,Harry,Russo,1990-03-23,BOTXVQ95I30B140O,2020-02-06,620462,giulietta.parisi@gmail.com
431,45,Nestore,D'amico,1985-05-02,IJFLRG68K77D210F,2019-05-06,620463,qcosta@email.it
432,52,Neri,Amato,1974-09-18,LPJDOM43C66D593Z,2019-05-26,620464,valentini.bortolo@giordano.com
433,34,Dante,"De rosa",1985-05-04,QKJUAG10E52Q714M,2020-06-05,620465,arturo37@gmail.com
435,11,Mirko,Farina,1989-05-21,KZYMJB86A39O512U,2019-12-15,620467,lsala@rizzi.net
438,25,Luna,Pellegrino,1975-03-12,IDDTRO91Q36N693T,2020-08-17,620470,zromano@gmail.com
439,26,Joshua,Mancini,1973-08-31,WFPXAX66S53R408B,2018-11-27,620471,caruso.luna@yahoo.it
440,2,Thea,Benedetti,1975-10-30,MBNNWZ50K97O798R,2019-10-07,620472,celeste.mazza@gallo.com
441,44,Giuliano,Gatti,1980-12-02,WLQIPY87T52N549J,2021-02-12,620473,marchetti.aaron@martinelli.it
442,25,Cassiopea,Carbone,1974-01-15,HTUGYG07R32X354J,2021-01-02,620474,marcella.marchetti@sala.it
443,71,Marino,Sartori,1990-10-12,IVJSXN23A76B707B,2018-11-01,620475,gallo.vera@hotmail.com
444,66,Zelida,Donati,1992-05-05,MWISMI82O52J185U,2019-07-13,620476,cfabbri@romano.org
445,56,Ingrid,Martino,1983-04-18,AGMKNL85M29R826S,2019-04-08,620477,udeangelis@email.it
447,74,Giulio,"De rosa",1973-03-13,JFDZAB79H91J604V,2019-08-28,620479,kristel.galli@ferretti.it
448,66,Joseph,Negri,1972-10-07,PUXRWL67M91Q302N,2019-10-20,620480,nunzia99@pagano.com
451,7,Nunzia,"De luca",1979-01-02,QIFNVH84N67X847G,2020-12-30,620483,ileana52@esposito.it
452,9,Pericle,Palumbo,1993-08-27,MPJMPW54N11G400B,2019-07-10,620484,erminio.sala@battaglia.com
453,22,Piccarda,Rossi,1973-01-15,RTNWWZ96C98J416N,2019-10-05,620485,sibilla.esposito@email.it
454,57,Mirco,Mancini,1979-10-08,RDZWBI81T52O425Y,2019-02-03,620486,iderosa@libero.it
455,18,Lisa,Ferrara,1992-06-23,JPLDJO70U59Q752C,2020-01-22,620487,worlando@email.it
457,6,Elga,Greco,1986-08-06,NXADHN86F06D658W,2019-11-13,620489,msanna@fabbri.it
458,63,Giorgio,Caruso,1975-11-07,YDAIHT55O78X192B,2021-04-10,620490,parisi.laura@yahoo.com
459,20,Ivonne,Colombo,1993-09-15,VACZJP91O39Y023R,2019-01-03,620491,dlongo@email.it
460,22,Ursula,Donati,1981-12-31,ZLQZVV50Q14N872P,2019-07-15,620492,monia72@gmail.com
461,33,Sabino,Rossetti,1989-11-06,ZSHTLS08C08N717U,2019-06-09,620493,loredana.messina@gmail.com
462,26,Dylan,Ferrara,1977-09-07,DRGABB06M04N827Q,2020-01-04,620494,irene.mazza@libero.it
463,25,Sabatino,Marino,1985-08-13,OGFWTB04U60C843P,2019-08-30,620495,ferri.jacopo@hotmail.com
464,29,Caio,Rizzi,1975-10-20,BRVSSV77R90E781D,2020-10-06,620496,milani.nestore@barbieri.com
465,48,Amedeo,Sorrentino,1991-07-10,SGKFDL11G69A011H,2019-02-24,620497,demi.conti@monti.com
466,22,Trevis,Bianchi,1982-09-01,BWNXWZ68A28A116Z,2020-02-22,620498,giordano.nicoletta@yahoo.it
467,63,Cleros,Orlando,1986-02-03,FETPLT75U04U028I,2018-12-03,620499,diana.morelli@gmail.com
468,41,Elda,Bruno,1989-06-12,MALQZB25X42H273V,2019-02-20,620500,maria.martino@gallo.it
469,16,Maristella,Galli,1975-07-25,UZKKUC63P41D648M,2019-11-25,620501,bellini.naomi@gmail.com
473,49,Damiana,Sartori,1985-05-12,JUZIFW24M94E177V,2021-05-27,620505,mancini.vitalba@costa.it
474,20,Liborio,Ricci,1976-07-08,OCPZNZ39L44I345L,2020-11-22,620506,furio39@libero.it
476,7,Noemi,Palumbo,1975-08-17,OUOUNZ86M69J812V,2019-01-30,620508,marzio.dangelo@pagano.com
480,3,Arduino,Valentini,1978-09-12,EHGJNH87C76S586V,2019-04-09,620512,giuliano95@deangelis.net
481,20,Ursula,Ferraro,1972-01-10,YADMWD75W76S965I,2018-07-23,620513,umberto04@gentile.com
483,47,Vera,Testa,1978-10-20,DXYUTR48P90S643X,2019-06-29,620515,ursula.derosa@costantini.com
485,33,Germano,Ferraro,1983-04-22,KNYULE53H31Z188F,2020-03-28,620517,sanna.ausonio@email.it
486,64,Ferdinando,Leone,1976-02-12,CSOCRD32P12G803F,2020-11-30,620518,ferri.leonardo@greco.com
487,36,Cira,Costantini,1990-04-12,GTINRS89N80F500K,2020-11-03,620519,rizzo.enrica@piras.it
488,7,Irene,Coppola,1983-06-25,MZTMXQ61X92V800P,2018-12-06,620520,caputo.silverio@pagano.org
489,10,Bernardo,Conte,1989-03-21,QOLLRX20R32Y999W,2018-11-08,620521,thea.conte@greco.it
490,69,Mariagiulia,Greco,1987-01-15,CJVFCC23D39Q625U,2020-09-29,620522,emidio.barone@ferrara.net
494,47,Tazio,Gallo,1979-09-10,GDWQBW68R77X451Q,2020-02-24,620526,bruno.donatella@yahoo.com
495,28,Kayla,Parisi,1976-08-11,LXGEQJ17T27D543Y,2018-11-13,620527,renzo54@carbone.it
496,20,Egidio,Orlando,1993-05-10,FFZOIR19N94K914J,2019-06-22,620528,wdeluca@palmieri.it
497,17,Mauro,Donati,1972-03-01,QYRZRE31L25E030K,2018-09-02,620529,ortensia.fontana@email.it
498,35,Caligola,Negri,1985-04-06,NIDSLS32Z44R965R,2019-07-11,620530,ferrara.giancarlo@yahoo.com
499,69,Cirino,Morelli,1979-02-02,VSMLBL33L22B465Q,2019-10-05,620531,nico43@valentini.it
500,30,Assia,Rossi,1972-04-17,SXNNKW51A44P061C,2018-06-23,620532,gallo.giulio@hotmail.com
501,26,Loredana,Rizzo,1978-11-01,PNUMPL50G44N979E,2019-04-29,620533,deborah48@yahoo.it
502,34,Noah,Piras,1972-11-27,RWEJDB47W07E086H,2020-12-15,620534,vfarina@yahoo.com
504,45,Marvin,Fabbri,1978-10-03,VMUGSE04N02Z507D,2019-02-17,620536,michael20@longo.org
505,39,Ione,Marchetti,1977-05-30,GGKZMP87Y93A667Q,2020-11-06,620537,grassi.pericle@yahoo.com
506,2,Enrica,Gallo,1985-05-07,KKGSII69G53Q227S,2020-04-02,620538,kristel.marino@yahoo.it
507,12,Penelope,Palmieri,1993-04-17,SLXAVR00E67J420Y,2019-08-28,620539,sconte@barbieri.com
508,48,Renzo,Messina,1977-03-12,HKWVBC73I81C010N,2019-11-06,620540,lbarbieri@email.it
510,68,Emilia,Ferrara,1988-10-28,VPEMQI64S19V873N,2019-10-24,620542,alighieri.caputo@gmail.com
511,1,Guido,Mancini,1988-04-16,JVYPRZ59V19L059A,2020-02-10,620543,morgana73@yahoo.it
512,55,Artemide,Fabbri,1994-01-13,XCJFOC32J03V037Q,2021-02-13,620544,derosa.luce@battaglia.com
513,3,Demian,Martini,1975-10-30,SHJUHR00B92X491V,2018-10-09,620545,grassi.ippolito@sorrentino.it
514,64,Maggiore,Coppola,1978-09-16,PSURET76I55C651P,2018-12-27,620546,filomena.montanari@orlando.com
517,3,Clea,Giuliani,1993-06-03,YWJHRK97X50B087Y,2020-09-05,620549,violante55@carbone.it
519,63,Damiana,Farina,1990-01-12,EYKYWC35O38O744L,2020-07-17,620551,yserra@russo.it
520,28,Orfeo,Gentile,1986-05-05,OXNWOZ55J81L290O,2020-01-28,620552,giulietta56@valentini.com
521,41,Ulrico,Marino,1993-04-03,HJNCEO63O17C160A,2019-12-28,620553,emilia72@costa.com
523,18,Akira,Sorrentino,1994-02-14,VDVNBB97P96I850V,2020-03-11,620555,epagano@testa.it
524,1,Vinicio,"De rosa",1986-08-03,AISLOM21E01T811V,2018-12-19,620556,cleros.ferretti@gmail.com
527,43,Elda,Mariani,1990-04-29,ZHGJNM05Z55G492M,2021-05-21,620559,antonio25@yahoo.it
528,69,Maika,Barbieri,1990-04-29,VBMCXI81Q82M718M,2020-05-11,620560,ygiordano@yahoo.com
529,64,Vitalba,Palumbo,1973-09-22,FFLFZT51N23W945B,2019-07-29,620561,emilia.milani@caruso.org
532,67,Olimpia,Rossi,1980-08-02,IFBTFO84Z34Z901M,2019-09-12,620564,rizzi.giordano@pellegrino.com
533,75,Demis,Barone,1993-10-21,XWEVWO22W21B153A,2020-10-08,620565,battista.ferrari@ricci.net
534,53,Giorgio,Serra,1988-01-11,KNJPYL52O67L024I,2018-09-13,620566,sibilla.bianchi@martinelli.com
536,46,Cassiopea,Greco,1980-01-22,FUTWVR90K18P991P,2018-10-09,620568,fcoppola@leone.com
537,74,Silvano,Rossi,1991-01-22,MZPZIS45U20Q800Z,2020-07-19,620569,sartori.rosolino@yahoo.it
538,16,Helga,D'angelo,1993-06-26,RRCGRU19H54Q896A,2020-04-02,620570,violante19@basile.com
541,4,Kristel,Ferraro,1980-10-05,UBQTVT16B66G823P,2020-02-23,620573,bmarino@yahoo.com
542,41,Olimpia,Ferri,1983-12-22,YYWGXI39Q82Z184M,2019-12-03,620574,bernardo.fiore@sartori.it
544,18,Kris,Fiore,1991-01-21,BJSKHQ32L13T846P,2021-02-07,620576,soriana.testa@coppola.net
545,15,Ruth,Fontana,1986-01-30,MYLSGT68T78X939T,2020-09-13,620577,kayla.galli@desantis.com
546,17,Gelsomina,Mariani,1972-12-02,HGLQRY75J60R591R,2021-04-26,620578,farina.costantino@deluca.org
547,45,Gabriele,Coppola,1973-07-01,RZTOLL31M80Z996K,2020-03-20,620579,giacobbe88@yahoo.it
548,60,Sabino,Ferri,1992-06-05,UQWEKO97Y46N613Q,2019-09-21,620580,fernando61@yahoo.com
549,10,Mattia,Caruso,1982-07-16,JRORWX85K68S068J,2021-02-17,620581,ldonati@sala.org
550,45,Artemide,Mariani,1973-03-22,WEODAB97A68F632E,2019-03-26,620582,lidia.ruggiero@serra.it
551,6,Cristyn,Costantini,1985-10-04,TFFNDG27W80B178Q,2018-12-26,620583,cesidia.ricci@marini.com
552,43,Joseph,Farina,1992-12-26,THRVKU27D25A233X,2020-01-04,620584,xgiuliani@ferraro.it
553,1,Vera,Rinaldi,1972-06-07,JNYLEE00J30G573K,2018-11-19,620585,deangelis.enrica@gmail.com
554,66,Eustachio,Morelli,1985-03-16,KIOQNF25L23E470Z,2020-12-29,620586,fiore.joey@fontana.net
555,21,Marina,Rizzi,1994-12-27,DLLKSO93R33E138X,2019-11-07,620587,uriva@email.it
557,4,Miriam,Grasso,1973-08-31,MJELLL88W49A419G,2018-12-07,620589,nfontana@conti.com
558,29,Fortunata,Piras,1988-12-28,SOMCDL35C94M138L,2020-10-01,620590,lombardo.diamante@yahoo.it
559,45,Mariano,Grasso,1977-06-13,YPRTAP54B96D306C,2018-10-21,620591,manuele.grasso@caruso.it
560,74,Battista,Gentile,1981-03-09,URVIFK76L44V143K,2018-08-21,620592,testa.cristyn@moretti.it
561,47,Radames,Cattaneo,1986-08-02,MZXAID24C61W917X,2020-09-07,620593,sirio.milani@gmail.com
563,19,Neri,Grasso,1979-03-29,DXGYHT58O36D700I,2021-03-28,620595,santo.coppola@yahoo.com
564,70,Gastone,Lombardo,1975-01-26,UEAKDG92R85H290V,2019-08-11,620596,michael54@neri.it
566,52,Emilia,Ricci,1977-12-04,SIZBMG47Y77A135P,2021-04-21,620598,cdeluca@rossetti.com
568,7,Erminia,Lombardi,1981-10-19,SCIAOP38L69L118S,2020-02-14,620600,odesantis@gmail.com
569,16,Neri,Pellegrino,1972-04-09,WZPADZ08Y25X555U,2020-12-01,620601,rossetti.yago@grassi.it
570,70,Vinicio,Grassi,1972-10-09,ZQUDBC48N18K722Q,2021-01-02,620602,morelli.carmela@email.it
572,38,Rita,Ferraro,1981-06-01,ZMSMKM42C55F124W,2019-09-23,620604,xdesantis@ferretti.com
573,59,Neri,Riva,1977-11-16,HUKTRS71C95P924W,2018-11-14,620605,ydeluca@moretti.org
574,48,Gastone,Cattaneo,1986-03-07,DGEHAF76Y73P172P,2020-12-09,620606,santoro.davide@hotmail.com
575,34,Gianleonardo,Bernardi,1975-02-16,ZUZBZP21B86W918Z,2020-03-31,620607,fiore.mercedes@libero.it
576,7,Enrico,Mariani,1989-03-15,FBXNOM38A53Y993I,2019-12-03,620608,soriana.rizzo@russo.net
578,53,Xavier,Damico,1986-10-29,TEIEAL83C32K139I,2020-11-19,620610,rizzo.kris@hotmail.com
579,64,Michele,Ferri,1975-09-17,WNTIQO86Z47S606D,2020-03-06,620611,vparisi@benedetti.com
580,13,Caligola,Romano,1982-10-28,MBIUMP18Z25T716R,2018-08-31,620612,ariel.longo@deluca.it
581,26,Jacopo,Caruso,1988-08-03,NFOWZL37W24F973Z,2019-08-04,620613,barbieri.raniero@pagano.com
582,41,Augusto,Costantini,1990-07-31,FPQBKO39S99H539Q,2018-06-26,620614,radio21@grassi.com
583,10,Giacobbe,Ferretti,1992-11-23,HVJZDQ62U19A676R,2021-02-02,620615,vitali.costanzo@bianco.com
584,52,Elda,Greco,1974-02-19,QZFLPS71N58W003R,2019-05-21,620616,ariel.marini@libero.it
586,67,Danuta,Ruggiero,1974-04-19,PEPPOW68O54U518Y,2018-06-19,620618,lombardi.elda@ferrara.com
587,53,Battista,"De Angelis",1988-12-12,PFDRMB28L94P258B,2020-02-08,620619,filomena.rinaldi@palmieri.it
588,40,Boris,D'angelo,1976-07-26,ZJFFXY84V65P618P,2020-11-18,620620,moretti.vania@libero.it
589,33,Antonio,Pellegrini,1991-09-04,MUIRDE10M32B708Z,2021-03-13,620621,gatti.felicia@guerra.org
590,55,Max,Bernardi,1974-02-23,AHAHPP58M15K191J,2020-05-17,620622,ingrid.russo@russo.com
591,64,Matilde,Fabbri,1986-06-19,YZJJRF97Z44P504C,2019-07-05,620623,rosalba.marini@libero.it
592,21,Artemide,Montanari,1992-09-08,UIZEXY75S54U740B,2020-06-10,620624,bgrassi@yahoo.com
594,11,Ettore,Bellini,1993-03-01,IYGHJS55D28Q857H,2020-04-08,620626,hbenedetti@serra.org
596,19,Miriana,Rossetti,1981-04-24,KLDJIQ84N60S058V,2020-09-25,620628,jole.martinelli@libero.it
599,58,Ileana,Martino,1978-08-14,RFWUCA61P80X016H,2019-03-28,620631,cosetta26@hotmail.com
603,21,Eusebio,Vitali,1991-10-18,WSFOZO16X89B620E,2019-07-19,620635,lucrezia07@colombo.org
604,37,Patrizio,Pagano,1980-04-25,DVHVDL72X94R074L,2020-05-21,620636,dimitri.marino@dangelo.net
605,29,Nayade,Monti,1994-05-20,KBAELH72B48J720Q,2021-02-04,620637,adeluca@milani.it
606,32,Miriam,Barbieri,1980-05-07,YUAAGY73D42A337U,2019-09-08,620638,caruso.naomi@email.it
607,7,Serse,Monti,1974-01-01,LQNCVI83I50K263V,2019-08-13,620639,jole30@greco.com
608,60,Lucia,Ruggiero,1978-02-05,DJBHTK87U41Z507H,2021-03-09,620640,martinelli.filomena@yahoo.com
609,21,Isira,Benedetti,1988-02-29,EGYWEA01Y29Q754V,2019-10-14,620641,nestore.mazza@email.it
610,69,Sasha,Pellegrini,1989-05-05,XFLESS50X87S754W,2019-05-31,620642,idonati@hotmail.com
611,62,Sibilla,Marchetti,1979-07-17,MRAOZO13P79B227B,2018-07-28,620643,kociss.vitali@gmail.com
613,35,Yago,Ferraro,1974-06-14,SQWIXK41P68R056E,2019-11-09,620645,loretta.conti@sartori.it
615,42,Aroldo,Santoro,1988-04-09,WUTOXM68X15A045V,2020-01-26,620647,nabil23@libero.it
616,24,Maggiore,Villa,1983-02-05,OCFCFJ16K28Y845F,2020-11-15,620648,nazzareno.benedetti@marchetti.it
618,15,Boris,Serra,1976-03-13,PUVJAU55E93K864X,2021-02-04,620650,jmartinelli@lombardo.it
619,1,Harry,Martinelli,1980-02-20,ECMUDO63O22Q271B,2018-07-12,620651,martinelli.maristella@libero.it
620,36,Damiano,Negri,1984-08-29,BNGYBG24A41Z918D,2021-03-15,620652,farina.jole@libero.it
621,69,Lisa,Grasso,1976-09-05,LPLCIP05K61B726R,2020-08-23,620653,michele34@galli.com
623,71,Siro,Serra,1988-05-01,VNWLRX82J53V838R,2018-09-01,620655,qmarchetti@gmail.com
624,4,Cira,"De rosa",1990-04-26,FDATYC59R80F558X,2019-01-31,620656,colombo.morgana@pellegrino.com
625,3,Zelida,Bianco,1986-01-27,AROIBU80G51C843U,2019-12-19,620657,demi26@libero.it
626,9,Deborah,Greco,1989-05-07,WOPCAU08M19D230L,2021-01-09,620658,thea.bellini@serra.it
630,24,Nayade,Benedetti,1992-01-22,NYQBUB49J31M741S,2020-12-05,620662,marieva.caputo@fiore.it
632,75,Fiorentino,Orlando,1989-04-11,NBSAUK95G70F162I,2018-06-10,620664,tderosa@silvestri.org
633,24,Boris,Bianchi,1978-05-24,FEWXXK42R79W777H,2021-05-10,620665,harry.bianco@gatti.net
634,26,Emilia,Gentile,1984-10-19,HLZPBM46O97Z505W,2020-02-12,620666,giovanna86@grasso.it
635,45,Boris,Riva,1990-12-28,FWYSKJ18E55V673Z,2020-10-30,620667,sandro72@gmail.com
636,14,Mercedes,Ferrari,1971-10-24,DAGXDM51V31D403F,2020-05-07,620668,bmancini@gmail.com
637,1,Grazia,Amato,1984-11-08,LZHMHH32E10L021N,2019-04-06,620669,wneri@libero.it
638,5,Marcella,"De rosa",1990-08-29,IQDFNY14D55U297S,2018-09-11,620670,assia.palumbo@libero.it
639,17,Rita,Gentile,1992-10-27,GPEXRO85W22D251K,2020-03-19,620671,zaccaria.bianchi@lombardi.com
640,49,Fortunata,Ferri,1986-08-03,GUZITV39R36X234E,2020-09-27,620672,sarita22@email.it
642,11,"Sue ellen",Ruggiero,1994-04-30,LSSZGE27H14Y567C,2018-12-25,620674,basile.noemi@hotmail.com
643,9,Loris,Galli,1973-04-22,DWNZJU86P44Z542S,2019-12-16,620675,dsorrentino@gmail.com
645,42,Sasha,"De Angelis",1988-07-29,NJVEFP97I72W323M,2020-12-20,620677,palumbo.lamberto@donati.it
646,15,Carlo,Martino,1980-04-08,CUNQIF76C22B482V,2019-08-06,620678,eusebio16@libero.it
649,44,Ivonne,Marini,1974-06-29,IFFAFL18U12A578F,2021-05-27,620681,neri.odino@email.it
650,20,Mirco,Galli,1985-11-23,GQKPTX65E49F649F,2021-02-10,620682,ferraro.gianantonio@hotmail.com
652,48,Lorenzo,Silvestri,1981-07-26,IVBAKE49B90I682U,2020-04-28,620684,promano@leone.com
653,37,Ortensia,Grasso,1993-11-24,RJPDBU10U59L216F,2018-10-06,620685,guerra.mirco@yahoo.com
654,56,Manfredi,Martini,1979-02-01,HCKOIJ43T15N095M,2019-06-10,620686,fernando97@yahoo.it
655,11,Samira,Damico,1973-03-18,LNZQAM80Q66H623A,2019-01-11,620687,piccarda.grasso@serra.it
657,16,Gelsomina,Coppola,1981-06-15,YPGGMQ54T78I243Y,2018-07-17,620689,longo.cassiopea@email.it
658,56,Ludovico,Grasso,1973-05-16,BIFUSX39P99W179V,2020-05-19,620690,mazza.danthon@ferraro.it
659,58,Enrico,Martinelli,1984-11-16,YHFWEZ62A63R702R,2018-06-23,620691,loretta.mazza@bruno.net
660,36,Selvaggia,Rossi,1991-12-28,QVBQHV40K30X755L,2019-02-19,620692,romano.pablo@martino.it
661,67,Giacobbe,Costantini,1980-09-27,IDDPNP01R77Q791D,2019-09-06,620693,martini.domiziano@costantini.com
662,14,Marcella,Conte,1989-02-04,WGZAVY20L51F017S,2021-04-28,620694,oretta.caputo@caputo.com
663,38,Dante,Grasso,1976-08-03,UAKBMV65K53U592X,2021-01-17,620695,ileana.carbone@libero.it
664,22,Elio,Bianco,1991-12-20,HQUWTV69Z43O244S,2019-05-05,620696,psilvestri@yahoo.it
667,15,Matilde,Gatti,1982-01-30,EXIDRQ68N16U992H,2020-09-12,620699,dmessina@gmail.com
668,37,Leone,Rinaldi,1986-02-14,FNDQMK43F33Y902J,2020-12-04,620700,ggiuliani@yahoo.it
670,12,Italo,Sartori,1973-03-03,KXWFHU91H91H736E,2019-11-13,620702,fontana.eusebio@rinaldi.it
671,50,Rodolfo,Grasso,1973-04-05,QPEKEE31J64P882O,2019-01-08,620703,cira61@russo.it
672,58,Manfredi,Amato,1985-12-17,SLQTGY48W17F724V,2021-05-27,620704,piras.graziano@ferrari.com
676,53,Davide,"De Santis",1974-03-17,TDKLDN14R32K585K,2020-06-20,620708,priva@battaglia.it
677,20,Ninfa,Sorrentino,1981-11-09,KFJTSE87Y89Z547Z,2019-05-16,620709,xbarbieri@libero.it
680,34,Marina,Pagano,1980-06-09,BMWKOB02X92Z338D,2019-08-15,620712,akira88@barbieri.com
681,48,Miriana,Ferrari,1981-01-10,XZYJWY73F52C130W,2018-07-31,620713,lamberto51@yahoo.it
683,28,Rocco,Coppola,1989-10-03,RQGYRR43F74M356E,2020-06-26,620715,zmoretti@gmail.com
684,57,Egidio,Gentile,1988-10-09,HGIIDN84W56K222J,2021-05-07,620716,renato.marchetti@fontana.com
685,62,Fatima,Gatti,1983-07-22,TWJUSD94D58W535S,2019-05-31,620717,noel60@yahoo.it
686,59,Carlo,Gentile,1972-11-05,CJYQJD54W31O834X,2018-07-19,620718,maruska20@hotmail.com
687,74,Clodovea,"De luca",1972-12-10,ZHSDAN97Y83K260X,2018-06-13,620719,wgallo@ricci.com
688,61,Clodovea,Marini,1993-02-03,CRBIJN68D47W789B,2020-10-07,620720,eesposito@galli.it
690,1,Luce,Martini,1988-09-18,MBMYZD41K87U829X,2019-08-17,620722,yvitale@yahoo.com
691,7,Pericle,"De Angelis",1985-10-18,HYQSVF23S81X687H,2020-01-05,620723,guerra.fabio@libero.it
692,30,Abramo,Ferretti,1982-03-22,TRYUIA51B21H108G,2018-07-09,620724,abramo33@libero.it
693,56,Sasha,Sala,1987-08-28,EBUMFC42J00M514Q,2021-03-27,620725,gallo.nicoletta@email.it
694,17,Lucia,Ferraro,1986-07-14,POQLMM97O14F371A,2019-03-05,620726,montanari.ortensia@yahoo.com
695,37,Boris,Martinelli,1990-02-25,LMGYIC37W94J261P,2020-04-27,620727,damiana08@bianco.org
697,75,Maria,Negri,1982-11-27,UVNTRW79D73U863N,2019-07-22,620729,donati.ippolito@conte.com
698,73,Celeste,"De rosa",1972-05-17,IILBGP96K27J671Y,2019-02-27,620730,wruggiero@yahoo.com
699,6,Laura,Ferrari,1975-10-05,DAEQEZ72Q92P629N,2021-01-22,620731,caruso.silverio@esposito.it
701,41,Fiorentino,Longo,1984-04-30,IQAQIW83S36J109M,2018-10-02,620733,battaglia.miriana@ricci.com
702,7,Loredana,Rossetti,1982-10-22,EOPRZN64W53V670X,2018-10-09,620734,qgrasso@libero.it
703,38,Maristella,Costa,1991-01-28,VUEJVC02I58T382X,2021-05-03,620735,anastasio88@email.it
704,54,Rita,"De Angelis",1971-06-22,CUMLCA77H29A598H,2018-09-19,620736,assia.santoro@rizzi.net
705,5,Marzio,Rizzo,1974-09-28,MOPJHH83Y70K456X,2021-05-24,620737,amerigo89@email.it
707,39,Emilia,Fabbri,1982-11-13,TGLRPZ55A94P287N,2019-08-04,620739,ettore72@gatti.com
709,73,Vera,Conte,1973-03-05,ICEJMT63M29W171Q,2020-07-23,620741,shaira.grasso@gmail.com
710,39,Egisto,Amato,1990-06-07,SZSUWA12R81D485V,2020-08-24,620742,qgallo@libero.it
711,38,Germano,Fontana,1978-05-07,ORMJLX34K39H282C,2021-03-22,620743,isabel.pellegrino@pagano.com
712,26,Kristel,Riva,1984-01-01,JLWXAS75T03A128D,2020-12-28,620744,gtesta@marchetti.it
713,58,Mirko,Moretti,1973-05-30,JTWCZJ87V25X026U,2019-01-09,620745,diana.martinelli@morelli.net
714,20,Caio,Palumbo,1983-03-28,NHMQYW45O75C327W,2019-01-11,620746,kmonti@bruno.it
715,19,Ninfa,Pellegrino,1980-03-16,IPHFBE01T96R243Q,2020-02-16,620747,jari63@yahoo.it
716,27,Monia,Negri,1994-05-06,BCHYGY06R66B658Z,2021-01-08,620748,nparisi@hotmail.com
717,14,Luce,Caruso,1992-09-07,HQGIEL04A32M754Z,2018-07-13,620749,drusso@conte.net
718,38,Marino,Galli,1977-02-27,HPCRTY81A75J375H,2019-05-21,620750,guendalina.derosa@orlando.net
719,20,Pericle,Donati,1973-08-15,ZTQUVB51Q56E119N,2020-04-20,620751,parisi.laerte@gatti.com
720,37,Cosetta,Rossi,1985-05-01,WCPGIS83D17R463G,2020-02-11,620752,wgatti@email.it
721,20,Alberto,Bellini,1988-06-15,OAGHQP48Z30P414B,2021-05-03,620753,kristel.negri@messina.org
724,42,Pierfrancesco,Orlando,1979-04-18,HARDIL15R74V608F,2021-04-08,620756,renato.amato@grassi.it
725,14,Enrico,Riva,1994-06-28,AGGMUP29Q53Y562D,2019-09-11,620757,rossetti.gilda@ferraro.it
726,54,Tosca,Ricci,1994-07-10,DRKMCB38Q84W635K,2020-02-20,620758,eusebio78@yahoo.com
727,27,Elga,Rizzi,1987-08-07,ABTVVD97U22J141Z,2021-05-07,620759,lombardo.vitalba@email.it
728,72,Arturo,"De Santis",1972-01-04,EFGHFZ35Q57D741N,2019-03-18,620760,cira.barone@carbone.it
729,60,Loretta,Palmieri,1982-12-06,VISTNE43C43H606P,2019-06-02,620761,damico.maristella@rinaldi.com
730,65,Manfredi,Moretti,1976-02-20,QSLQME04Y32M327D,2021-05-05,620762,fgatti@gmail.com
731,28,Felicia,Farina,1975-11-23,PPYSKH70X95C582X,2019-09-26,620763,deluca.alighiero@sala.it
732,12,Kris,Ferretti,1974-03-02,MCSBYU15J60I730M,2020-08-29,620764,imonti@yahoo.it
733,41,Ursula,Martino,1980-06-14,WKWSXV33L74Z212D,2019-05-22,620765,piccarda.mancini@esposito.net
734,42,Giorgio,Battaglia,1993-01-27,MDJLCW80I27X788C,2021-01-09,620766,sala.cleopatra@email.it
735,11,Gianleonardo,D'amico,1979-11-29,SHICHJ88B37J210V,2020-12-13,620767,jari.lombardo@valentini.it
736,41,Mariagiulia,Silvestri,1974-01-31,IVSRAJ73K92O884A,2018-11-08,620768,donati.felicia@monti.com
737,73,Danuta,Amato,1991-08-03,LXYMCV49K13F828L,2019-05-29,620769,abramo.ferrari@fontana.com
738,7,Serse,Cattaneo,1976-11-28,IATFQB78V48C070Y,2020-11-20,620770,rocco.cattaneo@amato.org
740,26,Neri,Ferri,1988-08-09,MUCYEM36Q44Y850S,2020-03-27,620772,yrizzi@fiore.it
744,50,Gianriccardo,Marini,1980-12-25,SCMKDM06N88V657P,2019-11-21,620776,kai.gatti@hotmail.com
746,11,Emanuel,Rinaldi,1988-03-23,ZMHJBJ88O51P476R,2019-11-29,620778,ifarina@rinaldi.org
747,73,Noah,Ferri,1985-09-15,JNBWTB38I34N388U,2020-05-09,620779,farina.dindo@gmail.com
749,19,Nick,Mancini,1977-09-09,MZRSDS00S15N488P,2019-07-09,620781,dmarchetti@lombardi.it
750,62,Miriana,Greco,1992-07-12,WHQBRV49H78G909C,2019-01-30,620782,mariani.miriam@hotmail.com
752,36,Benedetta,Orlando,1981-12-25,JTVMRB65Z69M817U,2020-09-14,620784,domingo03@rossetti.com
753,12,Matilde,Ferrara,1993-06-02,RXOJZO93U62U181C,2018-09-29,620785,donati.gianleonardo@hotmail.com
754,60,Tommaso,Milani,1981-02-22,SLOODG13M68R681G,2019-08-13,620786,serra.genziana@longo.com
755,29,Ione,Costantini,1973-03-18,UVLNLM74U25M085B,2020-09-02,620787,elda.bianco@yahoo.com
757,1,Alberto,Palumbo,1974-02-26,ZSGQRS09A97I959L,2020-06-17,620789,fsanna@yahoo.com
759,70,Michele,Montanari,1976-11-26,CXQRFM56V38R138Y,2021-06-03,620791,prizzo@montanari.com
760,25,Lazzaro,Mariani,1994-10-22,FTZBAX47W74Z626Z,2019-06-29,620792,vera.damico@damico.org
761,67,Cosetta,Moretti,1974-07-05,VIUEOO23O98W956J,2019-08-15,620793,mariapia32@yahoo.it
763,4,Ethan,"De luca",1971-07-27,HALSZW86I47G137D,2019-10-20,620795,graziano82@gmail.com
764,44,Carmela,Pellegrino,1988-08-11,OSOJIG73M45E650L,2019-03-18,620796,conte.adriano@gmail.com
765,69,Mariapia,Mazza,1975-04-29,VQLABQ82I32U017C,2019-02-13,620797,danthon44@benedetti.org
767,67,Ilario,Marini,1979-06-16,CKKCRA54V62B911F,2019-11-10,620799,giulio.fabbri@hotmail.com
770,8,Luce,Barone,1978-10-11,UGXGDB33L42K692P,2019-12-12,620802,lparisi@milani.it
772,45,Assia,Lombardo,1988-06-21,XFALUV62N88X463G,2018-07-12,620804,sesto.ferri@martini.com
774,55,Edvige,Bellini,1992-02-15,GHOGMJ16J90G770C,2019-12-04,620806,kayla44@yahoo.it
777,11,Tristano,Mazza,1978-05-14,JBJCVM05M48Q898W,2018-06-25,620809,anastasio.leone@libero.it
779,47,Miriana,Ferraro,1988-06-25,REVCMN42E11U940M,2018-11-16,620811,pericle.barone@yahoo.com
781,62,Ortensia,Negri,1986-11-06,QMRUJY60J94C998K,2020-12-20,620813,sasha58@martinelli.org
782,18,Olimpia,Sala,1980-03-28,QSZYDJ04I20T743T,2018-08-20,620814,ctesta@rizzo.it
783,50,Lazzaro,Bianchi,1985-09-14,OCIAWC09Y73W521J,2019-04-02,620815,piccarda.barbieri@ferretti.org
784,49,Giancarlo,Longo,1992-08-25,GLNUBQ74E81K483U,2019-03-09,620816,lucia.ferrari@gmail.com
785,18,Clea,Battaglia,1972-11-23,EUBOKX70R48E528S,2019-10-25,620817,neri.ulrico@lombardo.net
786,23,Furio,Negri,1988-10-04,FAVREG79R77W204V,2021-01-04,620818,xbianco@libero.it
787,63,Laura,Coppola,1990-06-11,IZINQY50C42J452U,2020-05-17,620819,rinaldi.brigitta@marchetti.com
788,70,Antonio,Montanari,1988-04-25,GRKAYR08L64M079Z,2019-07-11,620820,srossi@libero.it
789,4,Isabel,Gentile,1980-01-24,PMLMGX98H24F581Q,2018-11-11,620821,ciro.sorrentino@hotmail.com
790,70,Leone,Giuliani,1974-07-07,SEEGLY65G52B024A,2018-11-03,620822,clombardo@gmail.com
791,16,Jelena,Longo,1993-05-24,KWMHOB60E54R827G,2019-10-11,620823,costantini.diana@gmail.com
793,20,Amos,Russo,1985-02-07,XOWAMW27Y10P523Z,2018-07-16,620825,giordano.ariel@leone.it
795,39,Ciro,Amato,1972-11-25,THVHZD43C77P986X,2019-07-29,620827,negri.bernardo@pellegrino.it
796,14,Olimpia,Barbieri,1972-04-10,RRADEM63I44U371M,2019-03-24,620828,matilde.ferri@rossetti.net
797,41,Joseph,Russo,1986-02-25,AOHDMI21F02L144V,2020-09-16,620829,rosalino55@email.it
798,57,Assia,Fiore,1971-11-20,HFOYRO29N07C734R,2018-11-19,620830,mietta12@marino.net
800,18,Primo,Ruggiero,1973-10-03,QBIIRL68K80H078Q,2018-06-10,620832,alberto34@ricci.it
802,36,Marieva,Monti,1993-02-22,VQLTVX22W01G018J,2020-11-30,620834,sfontana@amato.net
803,60,Celeste,Conte,1972-08-28,GFCYII39G44N743F,2020-07-15,620835,ocarbone@libero.it
804,25,Diamante,Ferraro,1976-05-08,KXEZGS02P43J005O,2019-09-21,620836,nicoletta98@gmail.com
806,75,Alessio,Lombardo,1975-01-14,RSPDOF97I80A361I,2019-09-20,620838,sanna.celeste@email.it
807,70,Isira,Sartori,1986-01-16,HJRVFN11W57F672W,2021-01-18,620839,sartori.eusebio@villa.org
808,38,Mietta,Vitale,1978-09-19,JLPYXL36W31B343A,2018-06-09,620840,maria53@email.it
809,10,Orfeo,Barone,1974-04-14,AIPYAV01P53L251F,2021-01-15,620841,farina.ciro@libero.it
810,62,Priamo,Sanna,1988-11-09,QRXGDG29D95O717Z,2020-10-18,620842,ausonio48@email.it
811,59,Bernardo,Guerra,1972-03-20,TJXQQX34D59J374N,2018-06-15,620843,lrossi@bianchi.net
812,14,Carmela,Costantini,1971-09-26,QVUODN29B49Y263U,2019-05-19,620844,elsa.coppola@giuliani.com
814,37,Lidia,Lombardi,1974-12-14,FYLXEW50R10Y895O,2020-08-31,620846,hesposito@ruggiero.com
815,11,Caio,Martini,1977-02-11,JUHSXR67Z68B174D,2020-04-27,620847,piersilvio.parisi@gmail.com
816,53,Matteo,Conti,1989-08-19,ETMOJA50B66H200W,2019-12-11,620848,guerra.matilde@greco.it
817,14,Vitalba,Galli,1982-11-20,QNQTCQ64E43Q108D,2020-11-29,620849,rebecca00@gentile.com
823,23,Kris,Costantini,1986-10-01,CKXEDG19L11N638C,2018-11-09,620855,gmarino@milani.org
824,5,Evita,Rizzo,1977-01-14,MHMZGB86X60U687V,2020-11-19,620856,drossetti@yahoo.com
825,62,Jarno,Battaglia,1986-09-02,AEYNNK73X00F188G,2021-01-13,620857,radames.leone@guerra.it
826,61,Ileana,D'amico,1988-02-16,TJTZVB04D71X896R,2019-01-30,620858,miriana13@lombardo.it
829,1,Sasha,Orlando,1984-06-26,SEQRXJ83T44Z678B,2019-03-26,620861,alberto.monti@marchetti.com
830,57,Giobbe,Marchetti,1975-07-05,WPZGEV22I89A290T,2018-11-13,620862,oretta.grassi@giuliani.it
831,32,Sasha,Basile,1987-08-10,FYQAVI18B74V825R,2021-01-26,620863,artemide.messina@guerra.net
832,34,Lorenzo,Giordano,1988-08-15,BWMGWB48H72Q274U,2021-04-01,620864,ilario29@hotmail.com
834,50,Rebecca,Palmieri,1992-05-26,IEHLLX59K29R687G,2019-04-16,620866,filomena.bruno@palmieri.com
835,75,Thea,Ferraro,1987-06-04,DDYBLY00N83T139R,2019-05-01,620867,rossi.rodolfo@bellini.it
836,70,Nazzareno,Sorrentino,1976-08-09,NGGNZW56W55B823F,2019-06-26,620868,vcarbone@damico.com
838,5,Adriano,Marino,1980-08-29,TRGJHO68J61Y539T,2019-04-28,620870,silvestri.fortunata@yahoo.it
839,25,Luce,Bianchi,1973-08-11,WNMCGT95F78I948V,2019-07-31,620871,kris.vitale@negri.net
841,58,Radio,Ferrari,1982-06-28,KBQTUG77X97B006S,2020-09-25,620873,artes.russo@hotmail.com
842,43,Samuel,Rossi,1980-12-31,JPUIUO59V34R492S,2018-10-02,620874,ferri.mercedes@dangelo.com
843,18,Zelida,Conte,1989-12-25,IRRFXE79O38A081N,2021-05-04,620875,bruno.clea@vitali.com
844,19,Monia,Fontana,1976-09-24,CMAQLS82M63Y867Z,2018-08-10,620876,silvano.riva@fiore.net
845,10,Raniero,Costa,1975-09-13,JDFAWW25R69I355J,2020-08-27,620877,esposito.liborio@testa.com
846,25,Cesidia,Pagano,1986-01-25,FEWHRT59Q01S952A,2019-03-25,620878,mirko76@derosa.net
848,29,Ileana,Mazza,1979-03-14,KWNRON30U40Y275L,2020-12-11,620880,karim81@gmail.com
850,31,Lisa,Basile,1975-07-05,UWUKIB44Y84G310Y,2018-10-13,620882,moretti.cleopatra@libero.it
851,73,Ursula,Villa,1987-01-02,YGZEUX53A40H486I,2019-09-02,620883,vitalba.montanari@esposito.it
852,64,Assia,Morelli,1982-05-21,HHSPEF66Y40D893F,2018-06-16,620884,elga.derosa@lombardi.it
853,55,Tancredi,Basile,1984-05-22,UQPIDT01E20L400J,2019-06-20,620885,eferri@libero.it
854,28,Giulio,Vitale,1980-09-04,LSHRFH03K26R397G,2020-01-16,620886,mconte@rinaldi.com
855,73,Gilda,Riva,1986-04-26,XAGJGT92X57W228L,2018-09-18,620887,sala.sarita@damico.it
856,8,Marieva,Basile,1994-10-16,EQETXB13Y02G267G,2021-04-29,620888,damico.doriana@sorrentino.net
857,56,Prisca,"De luca",1990-03-12,EEGCVW93W78P140E,2019-09-26,620889,enrica.pagano@gallo.it
858,56,Tazio,Bruno,1991-09-07,TLKPPU92U53A011N,2019-12-01,620890,damico.ferdinando@email.it
859,59,Fiorentino,Silvestri,1991-10-05,PPVDYD75H64P758E,2019-07-26,620891,sferrara@cattaneo.com
860,71,Clodovea,Ferrari,1989-03-12,UOQHHN46B73T390Z,2019-03-26,620892,fiore.marieva@palmieri.com
861,31,Miriam,"De rosa",1974-05-05,CXDGUT20J69L871V,2019-06-17,620893,isabel.gallo@marini.net
862,31,Pietro,Marchetti,1974-08-17,AKFEZM10A73D023R,2019-05-06,620894,driva@email.it
863,54,Giacinta,Negri,1978-03-23,RYELOA88P80V193E,2020-06-08,620895,rizzo.marianita@yahoo.it
864,53,Miriam,Rizzo,1976-06-15,SMXZMT75K39K884J,2021-02-03,620896,basile.adriano@gmail.com
865,57,Enrica,Battaglia,1991-12-05,AXCMAD86X54Q033X,2020-07-17,620897,costantini.penelope@hotmail.com
867,53,"Sue ellen",Costantini,1971-06-26,OYSKFC66K09N862N,2018-09-01,620899,brigitta43@gmail.com
869,10,Dante,Bruno,1989-03-02,YMFYSE10L22T482C,2019-07-03,620901,rizzi.gilda@silvestri.it
871,70,Vitalba,Farina,1971-09-07,ORARMU61J04C232Y,2020-07-11,620903,irene.fontana@libero.it
872,19,Tolomeo,Costa,1994-03-14,MXYUXI51X13F063A,2019-07-29,620904,ferrari.fatima@yahoo.it
874,6,Folco,Piras,1978-03-16,YTYFFS51L17A913J,2018-10-12,620906,sferri@parisi.com
875,19,Ione,Mancini,1976-11-01,CMKOZX60D14Z231J,2020-09-20,620907,nbernardi@conti.org
876,39,Loredana,Ferrari,1993-01-14,QUXGRV80K74M276F,2020-09-22,620908,sarita31@yahoo.it
877,25,Samira,Giuliani,1990-03-08,GWKCVN98H21T451U,2019-02-27,620909,danuta16@email.it
878,65,Elga,Ferrara,1972-12-16,AUBTIZ05N50B394D,2019-10-31,620910,fpellegrini@mazza.com
880,6,Alan,Sartori,1977-05-10,NQJYAR73S48J346L,2020-03-11,620912,xcarbone@ferrara.org
881,21,Maruska,Bianco,1984-09-03,BSJMIW51Z25N826C,2021-03-05,620913,boris03@parisi.org
882,8,Liborio,Gatti,1978-10-12,SPAIZG51D94J456C,2020-06-08,620914,artemide54@libero.it
884,16,Evita,Gatti,1982-12-31,GTIWXW66X21E684C,2019-01-24,620916,ermes77@gmail.com
885,75,Tosca,Martini,1971-06-30,YZFSPL88R54A696A,2020-05-21,620917,olimpia.greco@libero.it
887,6,Monia,Basile,1973-04-20,RVNJHA79H31G135A,2019-12-10,620919,lsantoro@gmail.com
888,31,Emilia,Colombo,1987-11-12,WVJKKO55W89Z570U,2020-12-26,620920,orfeo.vitali@gmail.com
893,46,Damiano,Farina,1972-11-14,MXNHCA15R89H976W,2021-06-01,620925,raoul38@libero.it
894,8,Sabino,Ricci,1975-09-20,QRVRJE28F04N985X,2019-02-11,620926,deluca.soriana@email.it
895,20,Lucrezia,Pagano,1991-09-10,ALAVJH99I96O263O,2021-01-26,620927,kbarone@palumbo.it
896,20,Ilario,Messina,1986-09-02,ZLPMNC07I17Z378J,2021-01-05,620928,sabatino26@hotmail.com
897,5,Morgana,Martino,1993-10-10,RQKEQZ79V59F648G,2020-02-14,620929,crusso@libero.it
898,41,Ortensia,Palumbo,1982-03-24,YDULVK49X10C136I,2020-09-13,620930,martinelli.pericle@giuliani.it
899,16,Samuel,Martinelli,1975-08-04,XISEOP23V94W230R,2020-10-05,620931,tamato@email.it
900,50,Kociss,Orlando,1972-09-04,PTUHJH52X53S631H,2020-02-29,620932,vera24@milani.org
901,40,Giacobbe,Parisi,1974-05-22,JQTSWT93Y58G650I,2019-05-18,620933,xmoretti@rinaldi.net
903,54,Concetta,D'angelo,1993-08-21,EKSOOK96Q81A407M,2020-09-10,620935,aaron80@yahoo.it
904,69,Gelsomina,Donati,1982-11-08,QLAEDM01H94H593X,2019-08-31,620936,ippolito.gentile@hotmail.com
905,57,Fabiano,Fabbri,1985-09-13,OBVJWE02A87W665I,2019-11-05,620937,valentini.graziano@libero.it
906,19,Morgana,Marino,1984-12-31,FXTZDC87X86D913L,2019-08-12,620938,elda18@yahoo.it
907,29,Mattia,Vitale,1973-12-03,JBNIFJ62V81L156Y,2018-07-05,620939,rebecca.russo@libero.it
909,13,Osea,Conte,1981-06-09,DQYRYE26Z19K353V,2019-06-14,620941,alan.ferri@vitali.it
910,60,Teseo,Gatti,1988-07-26,KZHJTP54R09B005M,2019-09-14,620942,donati.diamante@libero.it
911,30,Ione,Coppola,1987-12-15,PQLOKF38W64Z365U,2021-03-06,620943,gregorio24@farina.com
912,36,Flaviana,Costa,1990-02-06,ALEXFQ09O80M836R,2020-08-15,620944,michele.lombardi@yahoo.com
914,7,Donatella,Donati,1985-11-26,EYLSBK31J18K507Y,2019-12-11,620946,marianita48@serra.it
915,40,Filomena,Benedetti,1985-09-03,QIOWRR89X45G171F,2019-10-14,620947,gallo.elsa@hotmail.com
916,73,Giacinta,Rinaldi,1979-09-29,WVCTTY78A42V782X,2018-08-14,620948,ian04@ferrari.it
918,34,Diamante,"De rosa",1984-06-02,GBABPX63S88Z325E,2020-07-19,620950,costanzo81@gmail.com
919,66,Secondo,Lombardo,1990-08-09,OPZDMU62P86F655U,2021-03-21,620951,bbarone@sartori.net
920,54,Fiorentino,Morelli,1983-08-12,CIZEKY59J38S163N,2019-04-06,620952,rizzo.erminio@grassi.org
921,30,Demi,Marini,1991-03-13,QEKCVU98T21T971K,2021-04-04,620953,secondo.rizzo@fontana.com
922,15,Maria,Conte,1978-07-23,CCAGLC51B89E970O,2019-07-30,620954,tricci@sanna.net
923,32,Brigitta,Caruso,1981-11-16,YGMXSZ39O88C003Q,2021-05-19,620955,deborah99@hotmail.com
924,19,Sasha,Grassi,1972-05-03,BYFTHP77R89Y519I,2020-09-26,620956,tancredi55@yahoo.it
925,75,Rebecca,Rizzo,1976-04-15,QVQZYO99B95Q803U,2019-07-28,620957,romano.marieva@monti.com
926,18,Kayla,Fabbri,1971-10-20,LHNFWH62E22K249R,2020-03-28,620958,ygatti@yahoo.com
929,53,Eriberto,Gentile,1983-11-16,WVWBUC34M13T433W,2018-09-10,620961,ferretti.moreno@hotmail.com
930,42,Mauro,Caruso,1979-11-30,HJKKBH47I39F932X,2019-09-19,620962,oreste.villa@amato.com
931,58,Jole,Palmieri,1984-03-22,XQANOX12V16B961H,2020-04-21,620963,maggiore78@gmail.com
932,48,Tosca,Gentile,1979-01-13,HIZOEF64R84S853B,2021-03-23,620964,cosetta.moretti@yahoo.com
933,8,Giulietta,Vitali,1973-09-16,CJCGVB17T16Z455X,2019-05-21,620965,lombardo.damiana@gmail.com
934,12,Alighieri,Pellegrino,1977-01-14,KFMTVM76W52Z350J,2021-05-18,620966,maria.messina@yahoo.it
936,29,Domingo,Ferrari,1983-03-05,GSUZUK02Q21M660O,2019-11-06,620968,bruno.gianriccardo@yahoo.com
939,6,Filomena,Caruso,1986-07-30,DWEAWV74E96R793N,2020-11-15,620971,liborio93@libero.it
940,20,Alessio,Costantini,1971-10-07,EJSBPF87F98C577T,2019-03-31,620972,morgana22@yahoo.com
941,39,Joannes,Morelli,1975-05-31,HRDXQR84T84C712P,2020-09-03,620973,sanna.sirio@russo.com
942,57,Danthon,Ferraro,1991-03-06,VVRRWW13K12S117P,2019-01-21,620974,vmonti@derosa.it
943,13,Costantino,Guerra,1994-01-30,IEQYET86D10C883O,2019-11-19,620975,rmessina@lombardo.com
944,9,Samuel,Parisi,1983-02-19,CKJVCY15R70N269L,2019-07-22,620976,olimpia.sala@orlando.net
946,75,Cosetta,Messina,1987-04-15,DQCKCX08X46B140I,2020-02-18,620978,battista.benedetti@yahoo.com
947,55,Leonardo,Marchetti,1983-11-04,NDDACM12M82G235L,2018-07-06,620979,joannes.negri@desantis.it
948,41,Fatima,Sala,1976-05-04,WWCFKI95O58Z559S,2019-11-16,620980,edilio42@email.it
949,42,Armando,Benedetti,1976-07-17,JRJDXV28V60W643H,2020-12-19,620981,palumbo.jelena@rossetti.net
950,2,Rosolino,Colombo,1972-01-22,HVMPQB69E07J282X,2020-08-10,620982,palumbo.rosalba@email.it
951,59,Osea,Marini,1981-07-25,PXRZHJ80W28S992S,2021-03-14,620983,lazzaro.serra@libero.it
952,68,Xavier,Gallo,1984-10-28,QPALSP34M89D352T,2020-11-29,620984,danuta.valentini@yahoo.it
953,21,Ione,Ricci,1978-09-07,FLYYBP81D09D133A,2018-07-08,620985,riva.ileana@hotmail.com
955,51,Gianmaria,Sorrentino,1991-11-24,PCDWKY50L65G065L,2021-04-24,620987,dguerra@yahoo.com
956,27,Lucrezia,Marini,1972-01-20,GRXGGZ96D92B118N,2019-02-15,620988,ortensia63@testa.org
957,39,Ruth,Riva,1981-06-16,AZNKKU82H97A495C,2019-01-06,620989,marzio36@libero.it
958,18,Donatella,Donati,1980-05-29,NRJGIB10D79T132E,2018-12-21,620990,tsala@romano.com
959,10,Olimpia,Pagano,1992-01-06,IGJDXU90P70H003U,2021-03-10,620991,damico.rocco@gmail.com
960,31,Giulietta,Conti,1992-02-21,KUHGMQ10P74C677U,2020-05-26,620992,rebecca10@libero.it
961,69,Mariagiulia,Sanna,1973-03-02,HENVZR67U80N559A,2019-05-31,620993,leone.villa@yahoo.it
962,67,Audenico,Pagano,1983-07-28,OUBSLJ29U06G380G,2018-08-02,620994,vienna29@yahoo.com
963,41,Violante,Lombardo,1985-03-06,YYFTUU27V53L283Z,2021-05-30,620995,vitalba.pellegrino@libero.it
964,75,Diamante,Rizzo,1983-07-21,ZWPFMT87W95L457E,2018-09-11,620996,serra.quirino@email.it
965,73,Morgana,"De rosa",1973-09-16,DQDNYD90J78C306I,2019-02-22,620997,antonino89@testa.net
966,31,Maika,Bianco,1974-09-19,MCESBV57M97P980F,2021-01-06,620998,samira31@yahoo.it
967,31,Dimitri,Santoro,1992-03-26,GAISMW44L69K223R,2019-03-15,620999,iacopo.longo@libero.it
969,58,Yago,Mancini,1980-09-11,NKLFWB02U40I459J,2020-04-03,621001,mbellini@hotmail.com
971,33,Erminia,Bianchi,1994-05-04,XOHQKG51R30J013A,2019-08-23,621003,rlongo@mancini.it
972,10,Matteo,Greco,1972-04-10,WSOERE93P27U052C,2021-02-03,621004,erminia.carbone@costa.com
973,46,Giacinta,Sartori,1976-05-10,YEGBDT58L36A097L,2018-08-27,621005,pellegrino.doriana@desantis.it
974,66,Loris,Bianco,1991-04-17,ETMUPZ57K59L286X,2020-11-13,621006,renato41@russo.it
975,5,Ludovico,Orlando,1972-04-19,IWAEAH97X53I971O,2021-02-18,621007,grassi.fulvio@bellini.it
976,36,Arcibaldo,Bellini,1987-02-16,NUWQRA46N15W881R,2020-10-25,621008,damiana.romano@ferri.com
977,4,Penelope,Martini,1981-12-07,EALVFI10M54W389J,2020-01-25,621009,farina.fiorentino@riva.net
978,65,Pericle,Neri,1982-09-17,TBAOVC02M96R944D,2019-01-07,621010,osea.mariani@gmail.com
979,22,Joshua,Valentini,1981-06-13,WJGMQG05Y73Y266A,2020-10-21,621011,giuliani.samira@ricci.org
981,14,Flaviana,Orlando,1977-12-24,LEXCIF51C83Z928M,2019-12-09,621013,loretta.martini@gmail.com
982,14,Akira,Ferraro,1973-01-21,BWIPQA08U12E338T,2020-11-30,621014,erminia.vitale@amato.it
983,35,Tosca,Santoro,1986-08-14,BZWOBR53X97F616Q,2020-09-03,621015,elga.martini@email.it
984,68,Cosetta,Milani,1978-06-16,CZWOOJ11O95J239U,2019-11-29,621016,tazio07@desantis.org
985,9,Domiziano,Costantini,1985-11-17,KWZSCL03H82Q071S,2021-02-26,621017,ilongo@gmail.com
986,5,Artemide,Grassi,1972-01-05,YHJDFE67U69C682W,2021-04-13,621018,hvitale@mariani.it
987,44,Piccarda,Grassi,1982-01-15,VNLDYS62U51W784S,2020-03-14,621019,parisi.giovanna@gmail.com
988,63,Lazzaro,Ricci,1989-04-07,VDBUZF91J62H424J,2019-11-03,621020,kpagano@hotmail.com
989,68,Gianmaria,Marchetti,1989-07-13,AZANEZ91I71G433I,2019-01-03,621021,ipellegrini@martino.com
991,37,Cira,"De rosa",1979-11-10,BRTICN51F33Z361V,2020-05-19,621023,armando02@gmail.com
992,74,Naomi,Neri,1984-12-29,CUPYEO63F45S697R,2018-09-11,621024,helga62@messina.com
996,54,Marianita,"De rosa",1988-12-17,MHLWPI09U70H152O,2019-09-17,621028,silvano.farina@ricci.it
997,30,Akira,Palumbo,1979-11-16,SAINVP68P79O346U,2019-10-13,621029,fiorentino89@gentile.it
998,75,Enrica,Coppola,1977-01-26,HRDWZY11B85T659G,2021-03-19,621030,rossi.olimpia@libero.it
999,42,Rosalba,Russo,1981-02-07,PWMLGG94Z68N197Z,2018-07-06,621031,jpalumbo@gmail.com
1000,2,Clodovea,Lombardo,1994-09-30,DRUATB76D70W116U,2018-06-10,621032,sanna.ubaldo@colombo.com
1001,42,Giulio,Benedetti,1979-06-09,KJFPNC79I23Y370S,2019-02-01,621033,negri.manuele@email.it
1002,60,Clodovea,Fabbri,1985-02-24,OZUDUV93G81W940Q,2018-09-19,621034,onegri@hotmail.com
1003,51,Gianmarco,Rinaldi,1971-11-26,GIBDGC66C22W349H,2020-08-01,621035,deangelis.jelena@galli.net
1005,18,Selvaggia,Vitali,1982-06-28,LVJEUC14Y54G903E,2018-10-20,621037,longo.sueellen@gentile.com
1007,61,Oreste,Bianco,1990-07-08,VVBTJU54P76X363N,2021-04-18,621039,alan.colombo@yahoo.com
1009,3,Thea,Lombardi,1985-04-28,QFSQDB19P37C806Z,2021-04-19,621041,kvilla@hotmail.com
1010,37,Claudia,D'angelo,1980-02-02,BPUCTQ48M22B903H,2021-01-22,621042,jbianchi@giuliani.org
1014,28,Clodovea,Martini,1991-04-20,BDILSA91W73D021I,2018-12-15,621046,morgana.vitale@palumbo.com
1015,60,Guendalina,Ferri,1986-10-16,RMLAIT59Q66P990W,2020-04-30,621047,gpellegrino@libero.it
1016,12,Diana,Caputo,1986-03-25,CFHSGH29Z60Y381F,2020-07-27,621048,orfeo81@yahoo.com
1017,17,Piccarda,Ferrari,1981-03-31,JRHGFE10U06E736O,2019-04-13,621049,fmancini@rossetti.it
1018,43,Giancarlo,Barone,1978-11-15,ONPCJN32G76O595E,2020-11-12,621050,tommaso38@email.it
1020,66,Ippolito,Barone,1981-01-15,FANEAA41M57T899C,2019-06-20,621052,marcella.damico@rizzi.com
1021,17,Jarno,Giordano,1977-07-22,JOUXDO69J07E718V,2018-10-31,621053,damiana.negri@giordano.com
1022,51,Terzo,Gentile,1986-11-10,ZDOWZP07O47B133A,2019-11-23,621054,ferraro.giovanna@hotmail.com
1023,21,Mercedes,D'angelo,1971-07-25,ZEUCUJ32H43W455B,2020-02-15,621055,ferrari.cleros@yahoo.it
1024,41,Michele,Mazza,1980-09-25,NWSMCN93M46K310R,2018-12-08,621056,orfeo34@bellini.com
1025,34,Ione,Bianco,1978-08-01,GYJCMT38Z42I532U,2018-06-24,621057,mietta25@marino.it
1026,56,Orfeo,Galli,1978-12-03,OPXCHR60B03G844Z,2020-09-09,621058,karim40@fontana.it
1027,42,Monia,Conte,1993-02-10,BIQZCL23B15U475D,2019-03-19,621059,gregorio.caruso@yahoo.it
1028,74,Piererminio,Marchetti,1985-03-01,KUFRXZ71D54W609O,2020-10-05,621060,hguerra@bianco.it
1029,52,Artemide,Milani,1986-05-15,QHJHEI82M82E816Y,2018-08-24,621061,ricci.oreste@lombardi.com
1030,28,Renzo,Ricci,1993-10-01,MWGNTA29C38I194X,2020-09-08,621062,kris35@rossetti.it
1031,45,Arcibaldo,Bellini,1986-10-26,JAHXKE92Q27S158L,2020-06-21,621063,zdesantis@libero.it
1032,56,Aroldo,Esposito,1988-11-29,NSFNLG44Y02C272A,2020-10-01,621064,monti.mercedes@giuliani.it
1033,70,Graziano,Fabbri,1989-09-12,QTRVNK74O74W293Z,2020-12-16,621065,zaccaria.ferrari@coppola.com
1035,11,Samuel,Amato,1973-10-07,SOVZHT94J85X156B,2020-08-11,621067,coppola.kociss@yahoo.com
1036,3,Gabriele,Martino,1992-02-29,GBFOBE07W04R498Z,2020-06-13,621068,irene93@gmail.com
1037,19,Timoteo,Sorrentino,1981-01-24,DFABMV12T62Z499U,2019-12-13,621069,rosalba.giuliani@libero.it
1038,52,Emidio,Vitale,1973-02-26,OLETMG53Z17Z497Q,2020-04-26,621070,obianchi@grasso.net
1039,45,Tommaso,Longo,1971-07-12,QUOFGM96P05E105O,2020-10-09,621071,vcaputo@fiore.it
1040,52,Fabiano,Ferrara,1984-03-02,CDPJVR30F00E923Y,2021-02-11,621072,moreno27@sala.com
1041,64,Ulrico,Fontana,1992-09-29,QVGEVS57M68F719O,2019-09-19,621073,vserra@yahoo.com
1042,73,Gilda,"De Angelis",1992-12-07,YRGDYS95R12D750T,2020-07-13,621074,montanari.dante@libero.it
1044,10,Ivonne,Vitali,1994-01-10,OZKAJX39G34E004M,2018-11-28,621076,maria.conte@sartori.org
1047,20,Edipo,Caruso,1976-08-15,OSAABT16K33R662H,2020-06-06,621079,ricci.luna@ferrari.com
1050,58,Samira,Messina,1976-07-12,RVSOZK28E87X644J,2020-08-29,621082,costantini.ermes@libero.it
1051,15,Bettino,Barbieri,1978-12-30,ELQHAK11V47V868L,2020-06-24,621083,flavio.rizzo@amato.com
1052,3,Ferdinando,Esposito,1983-10-30,DSHFZE33I62W478H,2020-09-13,621084,coppola.nick@email.it
1053,32,Marina,Greco,1977-03-05,GDCUYE02R74J735N,2019-09-11,621085,anastasio.guerra@gatti.it
1054,42,Modesto,Coppola,1974-04-05,DIIAPZ41D68E483W,2019-05-28,621086,miriana.fabbri@giordano.com
1055,69,Tosca,Ruggiero,1978-11-14,SSGCGY54S51V738P,2019-03-30,621087,rebecca.lombardi@rizzo.com
1056,16,Marcella,Lombardo,1980-08-18,AJGZVY32U13Y743R,2018-09-20,621088,serra.maika@pagano.it
1057,30,Hector,Ferrara,1980-10-14,UFRGYQ89N45I731F,2020-05-19,621089,giordano.elga@romano.org
1058,26,Marcella,Ferri,1975-12-19,GNGIWF21L56K528H,2019-07-22,621090,giulio42@email.it
1059,21,Mariagiulia,Marchetti,1975-10-07,QXKJMF97Q04Q464S,2021-02-15,621091,thea47@yahoo.it
1060,54,Mietta,Gentile,1979-06-26,UQEPOS44N71N138L,2019-07-31,621092,vitale.elda@costantini.org
1061,66,Jari,Donati,1994-02-15,XVNOYE86S95Y053H,2019-09-14,621093,gregorio.bianco@gmail.com
1062,54,Giacinta,Coppola,1986-08-04,QCXZFL58G37S497D,2020-09-30,621094,dcaputo@hotmail.com
1063,67,Gilda,Donati,1988-10-12,EFDTLT27J04T081H,2020-03-21,621095,gianriccardo91@yahoo.it
1064,14,Siro,Rossi,1972-02-29,QVVEMQ26G04T841V,2019-09-10,621096,zmontanari@gmail.com
1066,42,Emanuel,Moretti,1973-04-15,QAZKNG99N53O977W,2021-05-25,621098,coppola.nestore@hotmail.com
1067,45,Lucrezia,Moretti,1975-09-08,ZOAEXL96K79Y426E,2019-11-26,621099,erizzi@yahoo.com
1068,30,Marcella,Parisi,1984-10-26,ZWFFBH38F97V957P,2019-05-20,621100,erminia00@hotmail.com
1069,61,Nicoletta,Bellini,1973-07-26,WCEFIN89T25Z337K,2020-01-02,621101,anselmo42@hotmail.com
1070,57,Sandro,Valentini,1983-05-04,ADWQYR61Z90W984K,2019-12-15,621102,bruno.egisto@carbone.com
1071,68,Ileana,Marino,1989-02-24,RWKWER67E92J033I,2019-10-26,621103,sala.marvin@gmail.com
1072,61,Quirino,Coppola,1974-10-26,XOMYJE16O23X006N,2019-07-03,621104,jtesta@riva.org
1074,20,Benedetta,Neri,1981-04-17,EPFKVL78V20E134N,2020-07-06,621106,siro16@esposito.it
1075,52,Piersilvio,Pagano,1984-04-11,JFKMSY18H09V748M,2018-06-10,621107,lia19@gmail.com
1076,3,Edilio,Ruggiero,1980-03-27,DIQESU00D55L096H,2019-07-01,621108,marvin.ferraro@mancini.com
1077,31,Mercedes,Fabbri,1986-05-30,TAXJDM20I24C353N,2019-08-30,621109,santoro.lauro@vitali.it
1078,6,Quasimodo,Bianchi,1975-10-23,HFAGYI53B01Y236R,2018-09-28,621110,gesposito@damico.it
1079,65,Xavier,Benedetti,1983-08-26,GGLFDK51Z03N013U,2018-12-06,621111,galli.moreno@hotmail.com
1080,41,Baldassarre,Villa,1974-06-01,LVNHUE04L88Q340X,2019-05-07,621112,vgreco@greco.org
1082,7,Edilio,Basile,1975-03-16,SBYUES02F64R442U,2019-09-23,621114,imessina@pellegrino.it
1084,13,Bortolo,Montanari,1992-09-25,QIDYZG37K48A154N,2019-01-08,621116,gesposito@grasso.it
1085,7,Tosca,Rossi,1992-12-29,QEKRKC17D71D351P,2020-07-12,621117,rufo.dangelo@gmail.com
1086,34,Giacinta,Lombardi,1991-01-08,FXPRWU44G91Q332C,2019-02-19,621118,sconte@mazza.it
1087,6,Rosolino,Donati,1978-04-09,WLZTQM37P46Z490Z,2020-02-25,621119,wesposito@yahoo.it
1088,1,Felicia,Mazza,1994-01-16,TUDGQM44S17W009L,2020-05-12,621120,danuta60@ferrari.org
1090,40,Fiorentino,Bianco,1975-10-31,IEABEC62E38S486E,2018-06-28,621122,bianchi.donatella@giordano.it
1091,46,Miriana,Sorrentino,1994-04-07,PNHMOR80K97U735D,2018-06-16,621123,iricci@libero.it
1092,23,Lisa,Giuliani,1993-12-07,XGWUPQ77U29X192J,2020-09-03,621124,xbellini@email.it
1093,7,Erminia,Gallo,1971-09-03,EBSZFA65L50N447Y,2019-08-19,621125,dylan09@gmail.com
1094,31,Morgana,Santoro,1982-07-17,OSKUED05K65W787L,2021-01-29,621126,demi57@marchetti.com
1096,23,Giovanna,Lombardo,1982-12-10,AMVGFA63C90X436C,2020-11-24,621128,ngentile@bellini.com
1097,41,Ileana,Farina,1979-01-20,PLLPSJ09B73B624N,2019-04-03,621129,martinelli.renato@dangelo.it
1098,68,Vitalba,Santoro,1987-02-23,UBMQLP72C22E980N,2020-11-05,621130,zpiras@hotmail.com
1099,73,Laerte,Russo,1976-05-27,GHDZDG96T16O021T,2020-10-10,621131,sibilla.caputo@yahoo.it
1100,14,Laura,Leone,1993-11-27,IXZMBP43U90W120J,2021-05-22,621132,cosetta05@caruso.com
1101,51,Nicoletta,Guerra,1981-12-11,FKGRVF72P24G494J,2018-06-10,621133,zmartino@rizzo.com
1102,34,Giacinto,Sorrentino,1972-09-27,XUTBLM52W67K655C,2021-04-10,621134,fortunata.silvestri@martino.it
1103,55,Nick,Coppola,1992-07-24,PTEAXV05O01E641A,2021-06-03,621135,orlando.sesto@email.it
1104,43,Sebastian,Parisi,1989-01-30,MIXCSG46R73V709B,2019-06-09,621136,lucia.romano@mariani.com
1105,25,"Sue ellen",Conti,1983-12-05,RUNNXF51Q27N949A,2020-04-28,621137,blombardo@yahoo.it
1106,16,Giancarlo,Ferretti,1994-12-27,ANKUEZ76C77G221P,2019-03-09,621138,naomi.esposito@ferrari.com
1107,29,Cira,Vitale,1973-12-04,WYSGAZ87D19X782O,2020-01-04,621139,jmoretti@bernardi.it
1109,21,Luigi,Rinaldi,1986-09-30,DMQEAD60V01S183C,2021-03-19,621141,lombardo.fulvio@libero.it
1110,67,Luna,Costa,1972-11-27,TCIMJF87I21Q717N,2020-04-20,621142,marino.evangelista@hotmail.com
1111,9,Rosalba,Riva,1980-04-08,RPHZYQ98V73F621E,2020-08-30,621143,vbruno@email.it
1112,65,Artemide,Mariani,1973-09-11,WGCQCS75Z15C748A,2021-05-20,621144,amato.marina@guerra.com
1113,13,Maika,Parisi,1973-07-31,LJMGUA50I93F603R,2021-03-31,621145,lamberto.parisi@yahoo.com
1115,59,Nadir,Marchetti,1978-04-10,TLAKZV70A55E314E,2020-03-31,621147,barbieri.timothy@palmieri.com
1116,15,Gelsomina,Morelli,1977-12-26,GHJCPO82U38Y105E,2019-04-17,621148,graziano.deangelis@yahoo.com
1117,65,Elga,Farina,1991-02-27,VZBEWA85B81Z430Y,2020-01-14,621149,russo.ileana@grassi.it
1118,9,Piccarda,Donati,1983-03-03,TROOKF13E91K245Z,2020-10-17,621150,miriana36@yahoo.it
1119,65,Amerigo,D'angelo,1983-01-18,WCVFLI07Y82T372J,2019-07-28,621151,knegri@libero.it
1120,71,Giovanna,Rossetti,1994-08-09,BFRQVN31I27N328M,2018-07-24,621152,csorrentino@parisi.com
1122,40,Kociss,"De Angelis",1990-06-01,VQHNXM66A72G075Q,2021-04-24,621154,brigitta87@basile.it
1123,10,Albino,Riva,1990-11-13,JXPRBQ67E99E968Q,2020-03-04,621155,rferraro@email.it
1124,73,Modesto,Longo,1991-08-06,XJPTGK81J44S544T,2018-10-02,621156,pbianco@marini.org
1125,71,Rosalba,Messina,1985-10-01,CXTYRV13E52I157A,2020-02-08,621157,ngrasso@vitale.net
1126,9,Kris,Marino,1980-12-03,ONDKAR98J94K018O,2019-08-23,621158,siro79@libero.it
1127,37,Demi,Grassi,1971-07-03,ELPKJT89J49O015U,2020-09-14,621159,pmontanari@lombardo.com
1130,68,Mirko,Coppola,1990-02-10,SZVBTX90Y83R295A,2018-08-10,621162,grazia.negri@yahoo.com
1131,55,Flavio,Milani,1978-04-18,ZGSJLH64K73L030N,2019-12-03,621163,danthon.cattaneo@yahoo.it
1132,48,Emilia,Leone,1988-01-27,IDERTY49K61N441K,2019-07-31,621164,battaglia.ruth@yahoo.it
1135,73,Nicoletta,Sartori,1985-01-22,PLZDCU82V46H833G,2019-06-21,621167,greco.xavier@yahoo.it
1136,72,Benedetta,"De luca",1979-12-21,MBTICP77G95X602W,2020-04-17,621168,ursula15@email.it
1137,18,Maristella,Santoro,1989-11-22,WRKARW08O98L145Y,2020-10-27,621169,terzo83@gmail.com
1138,21,Diana,Fabbri,1993-06-26,VVYYZH67E85R158Y,2021-02-28,621170,ibruno@yahoo.it
1139,74,Claudia,Rizzo,1979-01-29,RLZDOG09W73H829H,2021-01-29,621171,cmartinelli@romano.com
1140,59,Amos,Colombo,1983-07-02,KZOSYI66S44S663W,2019-07-31,621172,fbianco@desantis.com
1142,46,Maggiore,Costa,1989-10-21,OPATGG01B62Y662P,2019-09-11,621174,pferri@hotmail.com
1143,69,Lia,Rizzi,1989-02-04,JIYWKG89I34Y274Z,2018-11-07,621175,qdesantis@bellini.com
1147,13,Ione,Messina,1983-05-29,QKIUVI46I93M404D,2020-12-06,621179,benedetti.silvano@hotmail.com
1148,22,Cecco,Benedetti,1985-07-06,YHSGQD05Q95I691G,2020-03-08,621180,greco.felicia@email.it
1149,20,Diamante,Neri,1993-08-23,CUWVJA82G59F880V,2020-01-14,621181,luna.lombardo@pellegrino.it
1150,2,Sarita,Carbone,1975-09-04,ORMQXT24R52Q099U,2018-12-14,621182,qrinaldi@email.it
1151,51,Alessio,Leone,1977-08-28,EVJGEU78M68R574M,2018-10-02,621183,nconte@palmieri.com
1153,22,Selvaggia,"De luca",1973-10-28,NOXQUH25Z09E221C,2019-01-11,621185,rmartini@ferri.com
1155,35,Luce,Barbieri,1992-07-22,CLBZBQ07W65T989N,2020-09-09,621187,sesto.gentile@yahoo.com
1156,46,Matilde,Ferri,1976-12-12,DHOEHI89X50L939L,2020-12-27,621188,giulietta49@palmieri.it
1157,5,Eufemia,Russo,1989-09-21,WVRRQB41L53K492P,2021-02-04,621189,benedetti.demis@ferrara.it
1158,38,Maggiore,Marino,1980-10-15,GTDUGJ59D80Y896J,2020-01-05,621190,leone.deluca@ferrari.org
1159,13,Giulio,Pellegrini,1980-12-12,EYTBXC91S37N205V,2019-03-12,621191,silvano.fiore@testa.it
1160,17,Laura,Martino,1972-10-26,SWRSPN39W51D972K,2019-06-18,621192,fiore.vienna@hotmail.com
1161,47,Joannes,Fontana,1975-09-15,SRNJTU18J41G480P,2019-03-21,621193,bernardo.benedetti@gmail.com
1162,29,Tancredi,Guerra,1990-05-02,DINOMU36K82R031K,2019-09-26,621194,jferrara@fontana.com
1163,3,Lino,Mazza,1985-11-20,IEWXKX00A34N707Y,2019-07-06,621195,bianchi.diana@rizzo.com
1164,12,Irene,Bianchi,1983-11-09,EAAOQA83A89U442P,2021-03-31,621196,jlombardo@vitali.net
1166,42,Maruska,Conti,1982-10-13,XYGFBV78K02U998D,2019-12-21,621198,pconte@rossetti.com
1169,16,Jarno,Russo,1986-08-15,QAKNVK53H87F596V,2020-09-01,621201,rocco.grassi@martinelli.net
1170,57,Sabino,Esposito,1992-06-07,ELVEMK50C35O703R,2019-07-14,621202,rosaria.marino@hotmail.com
1171,36,Giordano,Bruno,1983-08-19,KOQNFF75W52X889K,2019-03-16,621203,gastone.testa@amato.org
1172,16,Romeo,Valentini,1991-05-05,EFOJHN67Y75X473Y,2019-10-26,621204,luigi74@gentile.com
1173,5,Gianantonio,Bianco,1983-01-06,PABQDY43T90F476O,2019-01-30,621205,maristella37@gmail.com
1174,74,Serse,Mazza,1979-05-21,VQEMTX09E98E284W,2020-08-04,621206,diamante.marini@yahoo.com
1176,14,Clea,Vitale,1986-02-24,QJSIXB10P64H210F,2021-05-13,621208,derosa.laerte@valentini.it
1177,57,Ilario,Gentile,1989-07-02,ZIWWYW21C23N000D,2019-09-10,621209,enzo.bianco@rizzo.org
1178,13,Rosalba,Barone,1971-08-22,SVHPXJ27X22L361A,2019-09-28,621210,hlongo@libero.it
1179,69,Piccarda,Ferraro,1987-01-05,AKQQPD84F81Z156C,2020-08-30,621211,marchetti.sarita@vitali.com
1180,46,Tommaso,Mancini,1988-07-26,EOLIBS30Q88U802C,2019-12-24,621212,palmieri.zaccaria@mancini.com
1181,23,Enrica,Bruno,1990-07-13,JBYZPU73J22J109U,2021-04-23,621213,qgrassi@yahoo.it
1182,33,Elsa,Caputo,1993-09-22,BIOCOG15X23D182S,2020-02-18,621214,ubianchi@libero.it
1183,45,Radames,Rizzi,1972-02-10,LSDEFE61D14V638Y,2021-03-10,621215,bianchi.elga@rizzo.org
1184,36,Primo,Fabbri,1979-03-09,NIAPWN60Y71C313W,2019-12-13,621216,conti.penelope@ferretti.com
1185,7,Rosalba,Villa,1981-01-16,DPAVAX91T79B709T,2020-05-15,621217,nicoletta94@yahoo.com
1187,69,Ione,Mariani,1985-12-13,GWZJJF43M41W078G,2021-03-25,621219,ndeluca@libero.it
1188,71,Eustachio,Bruno,1979-03-27,NUYZIK79Q49D830I,2019-06-13,621220,bellini.serse@pellegrini.net
1190,57,Gianmarco,Rizzo,1990-08-26,EZPZHW06V87Z409D,2018-11-07,621222,ebellini@yahoo.it
1191,25,Olimpia,D'angelo,1977-09-16,STZTEL12Z43P335S,2021-01-14,621223,barone.cira@damico.com
1193,70,Kayla,Marino,1993-11-15,ENRJSC48D39Y808I,2021-03-17,621225,ferretti.vienna@ferretti.com
1194,51,Demian,Carbone,1976-06-08,NIYRNP28Z53A741U,2019-07-06,621226,rosalba78@yahoo.it
1196,56,Kayla,Giordano,1978-04-16,TLTEAI04T90F550C,2021-03-23,621228,zbattaglia@libero.it
1198,33,Eriberto,Donati,1987-01-04,GZIRQA30H30P042B,2021-01-05,621230,wfarina@gmail.com
1199,71,Enzo,Rizzi,1986-12-30,RDMEIX82W94H809T,2019-02-06,621231,erminia.ferretti@gmail.com
1201,56,Moreno,Romano,1987-07-15,DGTSKM44G38M148I,2021-05-25,621233,mattia.damico@barbieri.com
1203,54,Nico,Rossi,1984-03-01,QNKHCB34F90B832A,2020-11-25,621235,eufemia.bernardi@basile.it
1204,9,Zelida,Caputo,1975-06-07,BXFDJC29U46Y060E,2020-06-23,621236,ferrari.maika@marchetti.com
1205,9,Dindo,Caruso,1975-01-10,XXTVIL02U19O028T,2020-03-19,621237,luna31@ferretti.com
1207,58,Arturo,Basile,1983-12-26,DQKUSU82F39L045G,2018-12-05,621239,ingrid.giuliani@yahoo.com
1208,16,Evita,D'amico,1985-08-06,YBUBNJ78A99T314E,2021-02-11,621240,esposito.pietro@ferraro.com
1209,56,Primo,Monti,1979-05-24,WTUKKR50E77Z738U,2018-12-05,621241,igalli@riva.com
1210,56,Marina,"De luca",1978-10-17,BUCXHX86G65O063O,2021-03-31,621242,barbieri.vania@libero.it
1211,29,Anastasio,Rossetti,1991-01-24,ECGUIM90Y61H552L,2018-10-24,621243,pmarino@pellegrino.it
1212,68,Giulietta,Serra,1987-12-21,NJZWRQ87Q29K254Q,2018-11-26,621244,maggiore.battaglia@hotmail.com
1213,2,Manuele,Sala,1984-02-09,PARLBT39X21X176I,2020-12-17,621245,sbarone@libero.it
1214,40,Miriana,Negri,1990-08-15,HKIPIX45A01G163V,2020-09-24,621246,germano18@ferri.com
1216,3,Noah,Ferrari,1973-01-13,HDYUVU61C30K062Y,2019-02-04,621248,klombardo@grassi.net
1219,46,Eufemia,Russo,1982-10-11,BWRMHM99P08Q238G,2020-01-19,621251,fabbri.mirko@libero.it
1220,42,Cristyn,Ferretti,1975-01-04,FDMKTQ61I64E580B,2019-04-15,621252,giordano.armando@gmail.com
1221,74,Claudia,Marini,1977-12-19,LGNXVY08Y75K844B,2019-10-28,621253,ymariani@yahoo.it
1222,65,Guendalina,Martino,1976-02-12,BCUPJI31M59Z110F,2020-04-26,621254,nunzia.rinaldi@yahoo.it
1223,46,Giobbe,Messina,1983-09-03,CYXRNJ82P45F883O,2020-07-18,621255,emidio.basile@yahoo.it
1226,26,Irene,Coppola,1989-10-19,LINOIM76T33H737R,2019-09-27,621258,gavino82@bruno.org
1227,26,Rodolfo,Rossetti,1990-05-21,NTZRPT68F75Y770Y,2019-09-25,621259,timothy.lombardi@martino.org
1228,15,Cassiopea,Fiore,1981-01-19,VRKBKG64K85L176E,2019-10-11,621260,anastasio67@negri.com
1229,29,Cristyn,Martini,1994-07-28,TBZKPO33J47N243V,2020-07-09,621261,raoul11@desantis.com
1230,53,Serse,Rinaldi,1975-12-12,UPLQZO01S72C979U,2020-11-17,621262,donatella.donati@gmail.com
1231,7,Rebecca,Mariani,1981-02-08,SMFRAF68N36A499F,2020-04-01,621263,prisca89@hotmail.com
1232,44,Jack,Romano,1976-09-05,WUEIQW88T47D630L,2018-09-14,621264,wcarbone@libero.it
1233,13,Artemide,Palumbo,1974-06-09,TQGBTP41Y87W774A,2020-06-18,621265,piersilvio.grassi@hotmail.com
1234,57,Giacinta,Testa,1985-02-18,KDFCCW91Y48J816U,2019-07-01,621266,umorelli@testa.com
1235,27,Lidia,Ferri,1987-10-24,KKTBYD83L67E681T,2019-06-10,621267,pagano.vania@gmail.com
1236,62,Miriana,Fiore,1993-05-08,BKDSQA87U85L635Q,2019-08-15,621268,miriam.neri@dangelo.com
1237,53,Domiziano,Conte,1975-11-16,LADHCH84A76U442M,2019-02-14,621269,oamato@yahoo.com
1238,45,Eusebio,Pagano,1976-01-10,FJZQXW40V94Z003G,2020-12-11,621270,gerlando.galli@serra.net
1240,30,Quasimodo,Bruno,1975-10-23,RTTKPE88L70C354K,2019-07-19,621272,kayla.piras@conti.net
1241,47,Giordano,Pellegrini,1982-04-02,BHUISR30N93A293R,2019-08-18,621273,rossetti.kris@gmail.com
1243,50,Hector,Lombardo,1984-11-18,QLWAXX74U30B415C,2021-04-09,621275,alessio61@bruno.com
1244,32,Assia,Palmieri,1993-06-05,DYXYDC97D15S754Y,2021-02-13,621276,sbarone@email.it
1245,9,Rebecca,Palumbo,1979-03-14,UIBPJA47Y09Q031L,2020-05-06,621277,nestore.ferretti@giordano.org
1246,43,Thea,Ferretti,1974-12-20,HYMCCP77I24G051E,2018-11-21,621278,mferraro@desantis.com
1247,13,Maika,Montanari,1972-08-25,AQCCRT65F64E739D,2020-03-05,621279,emanuel.giordano@galli.it
1249,43,Ariel,Sorrentino,1985-04-20,WEZXFV89F20C288J,2020-08-04,621281,modesto.pagano@hotmail.com
1251,17,Fiorenzo,"De Santis",1980-09-20,XOZJVS18J50J085N,2019-09-21,621283,lucia25@grasso.it
1252,10,Edvige,Gallo,1973-12-03,NYQXAY32W08I695I,2018-06-30,621284,csantoro@gallo.it
1253,15,Michael,Sorrentino,1979-04-05,BCYTMX29D19Y581L,2019-12-19,621285,osantoro@rizzi.com
1254,14,Eusebio,Martini,1974-12-29,ZRUODN58T67W847A,2020-10-10,621286,martinelli.vania@conti.it
1255,8,Arduino,Martini,1988-07-01,AIPQHH04E15U037U,2020-11-27,621287,olo03@mazza.it
1257,1,Enzo,Ricci,1988-01-29,ORBPTR95A08A492Q,2020-09-12,621289,gallo.gianriccardo@farina.it
1260,50,Prisca,Barbieri,1984-09-20,JOAXJV27K41D042B,2019-01-23,621292,erizzi@bruno.org
1262,32,Nunzia,D'angelo,1984-11-03,FRFXTA16Q54I458L,2019-06-27,621294,amedeo96@gmail.com
1263,73,Noah,Battaglia,1991-11-30,RTNKDR63U98N135L,2020-08-01,621295,rmontanari@yahoo.it
1264,38,Lucrezia,Fiore,1980-06-05,VANGHY45U69K026A,2019-12-27,621296,rosita.desantis@caputo.net
1265,61,Luna,Conti,1974-11-09,MORYOL73X80F242R,2019-08-23,621297,sueellen82@deangelis.it
1266,46,Matilde,Donati,1994-03-29,UGXJMT21U50S889B,2019-02-27,621298,frizzo@giuliani.org
1267,54,Luce,Damico,1993-12-13,ZVVYQD57B96K739T,2019-07-02,621299,sorrentino.sirio@hotmail.com
1268,35,Marianita,Palmieri,1984-08-18,OUHGFT33D05H058W,2020-01-15,621300,davide62@rinaldi.com
1271,52,Marco,Martini,1972-07-31,RNCLQT98L85H367D,2018-11-30,621303,vrizzi@gmail.com
1272,57,Benedetta,Benedetti,1994-09-08,FVJPSO59K44C264H,2019-06-27,621304,luna30@yahoo.com
1273,38,Rosalba,Villa,1984-09-23,BIDTAX16A57X867C,2020-10-06,621305,palumbo.gregorio@ferretti.it
1274,15,Fortunata,Giuliani,1988-11-04,CCJUEE74R69X235M,2019-07-16,621306,fparisi@libero.it
1275,25,Odone,"De luca",1982-06-29,RLOXHI57M02E840U,2021-05-22,621307,apalmieri@gmail.com
1279,45,Dimitri,Martino,1984-07-12,LQYCUQ24K81U143Z,2019-12-25,621311,sabino03@rossi.net
1280,33,Joannes,D'angelo,1972-12-03,ATQZSK70T06I696T,2018-11-27,621312,santoro.giancarlo@deluca.com
1281,67,Mirko,Pagano,1989-09-08,DEDOGB07C28U561W,2020-04-20,621313,carbone.demi@mazza.com
1283,36,Nayade,Gentile,1986-05-03,OAZFIU29P02H903T,2018-11-22,621315,timoteo.rossetti@yahoo.it
1285,8,Luce,Benedetti,1984-08-28,XKYTFE72F21C014H,2019-03-30,621317,milani.ermes@gmail.com
1286,52,Donatella,D'angelo,1991-11-25,QQBGIJ24F08I076I,2019-11-27,621318,fiorentino15@libero.it
1287,43,Loris,Ferraro,1981-03-05,HVSKTF18S40H606F,2020-02-25,621319,ercole.marino@palumbo.it
1288,70,Audenico,Conti,1975-11-17,MXCNHZ00P32Z455K,2020-10-14,621320,cgentile@barbieri.it
1289,58,Donatella,Gatti,1985-01-02,EQWNIG51I49R327W,2018-10-12,621321,battista29@ferri.it
1290,53,Damiana,Bianco,1986-12-30,ZUESUX87R21B592W,2019-02-18,621322,zaccaria.martino@valentini.it
1291,23,Iacopo,Sorrentino,1990-06-20,MNITJF41I07V836B,2018-12-05,621323,giulietta49@yahoo.com
1292,20,Rocco,Giuliani,1992-12-01,AUACAD69Z85P766M,2018-09-16,621324,elda.fiore@hotmail.com
1293,62,Ubaldo,Palmieri,1984-07-05,GWMVRL57A58V070Y,2020-11-16,621325,ippolito47@gmail.com
1294,11,Marino,D'angelo,1975-09-15,YOTMRR04F07P179U,2020-05-19,621326,giobbe.battaglia@libero.it
1296,2,Rufo,Marini,1988-05-19,UXCAHD91A68I447B,2020-12-28,621328,joey.santoro@libero.it
1297,24,Loris,Palumbo,1978-12-26,GYAGCD31Z34A657B,2019-08-07,621329,grassi.bortolo@libero.it
1299,22,Cristyn,Valentini,1992-05-06,QENQSI58Y79E797W,2020-05-12,621331,xcarbone@yahoo.com
1303,74,Sarita,Piras,1980-03-08,CUUODS48X36B725S,2020-06-03,621335,helga.palmieri@gmail.com
1304,54,Nayade,Carbone,1992-06-16,ZFZQPP51Z66Z635J,2020-12-21,621336,baldassarre53@marchetti.org
1305,64,Zelida,Rossetti,1980-12-01,JWLDWO25G81Z203P,2020-06-05,621337,onegri@email.it
1307,37,Lucrezia,Morelli,1980-08-04,QPBGXW09E20X720Y,2020-08-01,621339,penelope26@yahoo.com
1308,38,Ruth,Amato,1986-02-03,ZZHWVY74G68C988G,2020-08-26,621340,helga.montanari@libero.it
1309,40,Vienna,Giordano,1982-04-01,JKALLJ75R20Q785V,2018-07-21,621341,ivonne.russo@rossetti.it
1310,61,Maika,Donati,1993-07-08,GGEVVZ00Z48B952T,2020-02-01,621342,luce06@libero.it
1311,68,Selvaggia,Caputo,1987-04-16,VLLFXF07O65P919V,2019-03-22,621343,michele.martinelli@yahoo.com
1312,42,Mariapia,Costantini,1979-06-10,OAPEMU04O60T126Z,2021-04-15,621344,omontanari@libero.it
1313,36,Akira,Ferri,1972-11-28,JPYDBK79K59Y449O,2020-06-06,621345,anastasio.mazza@cattaneo.it
1314,34,Sibilla,Parisi,1986-02-28,NWONVW67I97Q734O,2021-03-22,621346,rita.lombardi@hotmail.com
1315,25,Joseph,Messina,1973-07-18,AGCZDH51G36H390Q,2019-05-13,621347,giuliano10@deangelis.com
1316,57,Violante,Russo,1994-07-19,OOSFZV00T12L364N,2020-12-05,621348,eufemia21@bruno.com
1317,24,Lucia,Lombardi,1985-01-25,VORLWL73E82A212E,2019-07-27,621349,ncostantini@marchetti.org
1318,38,Sebastian,D'angelo,1994-12-23,XSUZJC52W25V564W,2021-05-13,621350,bacchisio.bianchi@yahoo.com
1319,59,Vienna,Ferrari,1974-03-14,IJHBWU65U10V965Q,2020-08-09,621351,ubaldo13@libero.it
1320,40,Ermes,Martinelli,1980-08-12,VDORFC01F00F993H,2020-04-05,621352,nathan20@libero.it
1321,59,Osvaldo,Marchetti,1994-12-16,SZKOHT02A44L757D,2020-08-04,621353,mariapia.ferretti@yahoo.com
1322,58,Mirko,Bianchi,1983-01-14,RQUFRQ28E46X480I,2019-09-03,621354,folco02@pagano.net
1323,65,Tristano,Silvestri,1980-07-19,UGVUWC98G10T427X,2020-08-11,621355,mariapia.bernardi@sala.org
1324,65,Elsa,Silvestri,1979-11-02,QDKMRW07Y18R271T,2020-01-21,621356,italo.coppola@barone.com
1325,8,Shaira,Guerra,1974-12-15,PJPUEF48T20L901K,2018-08-10,621357,fabio.serra@libero.it
1327,21,Shaira,Farina,1979-04-13,EITVHG68S39C551J,2018-11-30,621359,caligola94@marini.com
1328,13,Odone,Donati,1972-03-01,YYIYMD79D44B876O,2019-08-07,621360,negri.gianantonio@monti.it
1329,53,Ercole,Giuliani,1993-02-19,EWBQOQ78S63F034Q,2019-01-23,621361,marianita16@guerra.it
1330,57,Ione,Piras,1980-03-26,JBZYRD05A38F326K,2019-10-14,621362,rparisi@yahoo.com
1331,62,Nicoletta,Villa,1992-05-17,XXQRIY28F45Y472U,2020-04-07,621363,amato.giancarlo@piras.com
1332,49,Elio,Rizzi,1984-02-01,KBPAEL86D56D736R,2021-05-14,621364,rrossetti@email.it
1334,2,Mirco,Marino,1992-11-08,AJLMFF17R74E282S,2020-07-17,621366,bmazza@riva.it
1335,37,Baldassarre,"De Santis",1985-04-11,EGDBKY54X89S436M,2019-01-15,621367,umariani@marini.it
